source_index,pair_index,fold,target,noise_condition,preprocess_config,prediction,decision_score
303,2,0,0,clean,none,0,-0.804136916556653
2331,1,0,0,clean,none,0,-0.6702562665389686
6278,1,0,0,clean,none,0,-0.7315782518309502
11787,1,0,0,clean,none,0,-0.7630992829092941
21811,0,0,0,clean,none,0,-0.7742271101192322
24791,7,0,0,clean,none,0,-0.8202079026552843
28456,0,0,0,clean,none,0,-0.6819656032288284
29926,7,0,0,clean,none,0,-0.8893939315097621
31276,0,0,1,clean,none,0,-0.25414660794161414
32428,0,0,0,clean,none,0,-0.7417546262767419
34856,0,0,0,clean,none,0,-0.7058654557920553
36762,0,0,0,clean,none,0,-0.8725257880869179
42850,0,0,0,clean,none,0,-0.6905407764390009
44724,0,0,0,clean,none,0,-0.8949181143418306
51262,3,0,0,clean,none,0,-0.8656866325044495
58797,0,0,0,clean,none,0,-0.7785076564792489
63755,0,0,0,clean,none,0,-0.6757237486873207
65117,0,0,0,clean,none,0,-0.7875778251309703
65226,0,0,0,clean,none,0,-0.7719321741316808
67117,0,0,0,clean,none,0,-0.7108196331971158
68340,0,0,0,clean,none,0,-0.6573647076246897
74163,0,0,0,clean,none,0,-0.7513222298645583
77329,1,0,0,clean,none,0,-0.7145688677329789
79640,5,0,0,clean,none,0,-0.6852414674383694
80390,0,0,0,clean,none,0,-0.8513998797414983
82569,1,0,0,clean,none,0,-0.8520521200851718
125974,9,0,0,clean,none,0,-0.7999566079702857
127009,0,0,0,clean,none,0,-0.794310588591723
133121,3,0,0,clean,none,0,-0.8193711422914595
134852,0,0,0,clean,none,0,-0.6489116640972326
135441,0,0,0,clean,none,0,-0.6039111175285078
138363,2,0,1,clean,none,0,-0.7188475824938168
140552,0,0,0,clean,none,0,-0.8098222957600477
147422,0,0,0,clean,none,0,-0.7928337169554948
303,2,0,0,clean,minimal,0,-0.804136916556653
2331,1,0,0,clean,minimal,0,-0.6702562665389686
6278,1,0,0,clean,minimal,0,-0.7315782518309502
11787,1,0,0,clean,minimal,0,-0.7630992829092941
21811,0,0,0,clean,minimal,0,-0.7742271101192322
24791,7,0,0,clean,minimal,0,-0.8202079026552843
28456,0,0,0,clean,minimal,0,-0.6819656032288284
29926,7,0,0,clean,minimal,0,-0.8893939315097621
31276,0,0,1,clean,minimal,0,-0.25414660794161414
32428,0,0,0,clean,minimal,0,-0.7417546262767419
34856,0,0,0,clean,minimal,0,-0.7058654557920553
36762,0,0,0,clean,minimal,0,-0.8725257880869179
42850,0,0,0,clean,minimal,0,-0.6905407764390009
44724,0,0,0,clean,minimal,0,-0.8949181143418306
51262,3,0,0,clean,minimal,0,-0.8656866325044495
58797,0,0,0,clean,minimal,0,-0.7785076564792489
63755,0,0,0,clean,minimal,0,-0.6757237486873207
65117,0,0,0,clean,minimal,0,-0.7875778251309703
65226,0,0,0,clean,minimal,0,-0.7719321741316808
67117,0,0,0,clean,minimal,0,-0.7108196331971158
68340,0,0,0,clean,minimal,0,-0.6573647076246897
74163,0,0,0,clean,minimal,0,-0.7513222298645583
77329,1,0,0,clean,minimal,0,-0.7145688677329789
79640,5,0,0,clean,minimal,0,-0.6852414674383694
80390,0,0,0,clean,minimal,0,-0.8513998797414983
82569,1,0,0,clean,minimal,0,-0.8520521200851718
125974,9,0,0,clean,minimal,0,-0.7999566079702857
127009,0,0,0,clean,minimal,0,-0.794310588591723
133121,3,0,0,clean,minimal,0,-0.8193711422914595
134852,0,0,0,clean,minimal,0,-0.6489116640972326
135441,0,0,0,clean,minimal,0,-0.6039111175285078
138363,2,0,1,clean,minimal,0,-0.7188475824938168
140552,0,0,0,clean,minimal,0,-0.8098222957600477
147422,0,0,0,clean,minimal,0,-0.7928337169554948
303,2,0,0,clean,noise_aware,0,-0.804136916556653
2331,1,0,0,clean,noise_aware,0,-0.6702562665389686
6278,1,0,0,clean,noise_aware,0,-0.7315782518309502
11787,1,0,0,clean,noise_aware,0,-0.7630992829092941
21811,0,0,0,clean,noise_aware,0,-0.7742271101192322
24791,7,0,0,clean,noise_aware,0,-0.8202079026552843
28456,0,0,0,clean,noise_aware,0,-0.6819656032288284
29926,7,0,0,clean,noise_aware,0,-0.8893939315097621
31276,0,0,1,clean,noise_aware,0,-0.25414660794161414
32428,0,0,0,clean,noise_aware,0,-0.7417546262767419
34856,0,0,0,clean,noise_aware,0,-0.7058654557920553
36762,0,0,0,clean,noise_aware,0,-0.8725257880869179
42850,0,0,0,clean,noise_aware,0,-0.6905407764390009
44724,0,0,0,clean,noise_aware,0,-0.8949181143418306
51262,3,0,0,clean,noise_aware,0,-0.8656866325044495
58797,0,0,0,clean,noise_aware,0,-0.7785076564792489
63755,0,0,0,clean,noise_aware,0,-0.6757237486873207
65117,0,0,0,clean,noise_aware,0,-0.7875778251309703
65226,0,0,0,clean,noise_aware,0,-0.7719321741316808
67117,0,0,0,clean,noise_aware,0,-0.7108196331971158
68340,0,0,0,clean,noise_aware,0,-0.6573647076246897
74163,0,0,0,clean,noise_aware,0,-0.7513222298645583
77329,1,0,0,clean,noise_aware,0,-0.7145688677329789
79640,5,0,0,clean,noise_aware,0,-0.6852414674383694
80390,0,0,0,clean,noise_aware,0,-0.8513998797414983
82569,1,0,0,clean,noise_aware,0,-0.8520521200851718
125974,9,0,0,clean,noise_aware,0,-0.7999566079702857
127009,0,0,0,clean,noise_aware,0,-0.794310588591723
133121,3,0,0,clean,noise_aware,0,-0.8193711422914595
134852,0,0,0,clean,noise_aware,0,-0.6489116640972326
135441,0,0,0,clean,noise_aware,0,-0.6039111175285078
138363,2,0,1,clean,noise_aware,0,-0.7188475824938168
140552,0,0,0,clean,noise_aware,0,-0.8098222957600477
147422,0,0,0,clean,noise_aware,0,-0.7928337169554948
303,2,0,0,clean,aggressive,0,-0.8498594736078532
2331,1,0,0,clean,aggressive,0,-0.8249296349821801
6278,1,0,0,clean,aggressive,0,-0.8291486218769683
11787,1,0,0,clean,aggressive,0,-0.8615258382357074
21811,0,0,0,clean,aggressive,0,-0.8497782015352084
24791,7,0,0,clean,aggressive,0,-0.8101088391760656
28456,0,0,0,clean,aggressive,0,-0.811042660737634
29926,7,0,0,clean,aggressive,0,-0.9006010426508282
31276,0,0,1,clean,aggressive,0,-0.5224403805511579
32428,0,0,0,clean,aggressive,0,-0.8920916477275987
34856,0,0,0,clean,aggressive,0,-0.8306496461424905
36762,0,0,0,clean,aggressive,0,-0.8033972695380444
42850,0,0,0,clean,aggressive,0,-0.7434840070485972
44724,0,0,0,clean,aggressive,0,-0.865863412042962
51262,3,0,0,clean,aggressive,0,-0.9349549852510162
58797,0,0,0,clean,aggressive,0,-0.8129857598037016
63755,0,0,0,clean,aggressive,0,-0.8624132072612066
65117,0,0,0,clean,aggressive,0,-0.7258027189385243
65226,0,0,0,clean,aggressive,0,-0.8355631923245819
67117,0,0,0,clean,aggressive,0,-0.8902792193717384
68340,0,0,0,clean,aggressive,0,-0.853842770512058
74163,0,0,0,clean,aggressive,0,-0.7978243237116746
77329,1,0,0,clean,aggressive,0,-0.7365151819530226
79640,5,0,0,clean,aggressive,0,-0.7471236162093784
80390,0,0,0,clean,aggressive,0,-0.7920172366328587
82569,1,0,0,clean,aggressive,0,-0.8310110689159766
125974,9,0,0,clean,aggressive,0,-0.8160282979841692
127009,0,0,0,clean,aggressive,0,-0.8019090003632137
133121,3,0,0,clean,aggressive,0,-0.8508979307963266
134852,0,0,0,clean,aggressive,0,-0.6400067316522835
135441,0,0,0,clean,aggressive,0,-0.6913671494548794
138363,2,0,1,clean,aggressive,0,-0.8163285552720005
140552,0,0,0,clean,aggressive,0,-0.8218556203686723
147422,0,0,0,clean,aggressive,0,-0.7813791891740578
303,2,0,0,casing,none,0,-0.804136916556653
2331,1,0,0,casing,none,0,-0.6702562665389686
6278,1,0,0,casing,none,0,-0.7315782518309502
11787,1,0,0,casing,none,0,-0.7630992829092941
21811,0,0,0,casing,none,0,-0.7742271101192322
24791,7,0,0,casing,none,0,-0.8202079026552843
28456,0,0,0,casing,none,0,-0.6819656032288284
29926,7,0,0,casing,none,0,-0.8893939315097621
31276,0,0,1,casing,none,0,-0.25414660794161414
32428,0,0,0,casing,none,0,-0.7417546262767419
34856,0,0,0,casing,none,0,-0.7058654557920553
36762,0,0,0,casing,none,0,-0.8725257880869179
42850,0,0,0,casing,none,0,-0.6905407764390009
44724,0,0,0,casing,none,0,-0.8949181143418306
51262,3,0,0,casing,none,0,-0.8656866325044495
58797,0,0,0,casing,none,0,-0.7785076564792489
63755,0,0,0,casing,none,0,-0.6757237486873207
65117,0,0,0,casing,none,0,-0.7875778251309703
65226,0,0,0,casing,none,0,-0.7719321741316808
67117,0,0,0,casing,none,0,-0.7108196331971158
68340,0,0,0,casing,none,0,-0.6573647076246897
74163,0,0,0,casing,none,0,-0.7513222298645583
77329,1,0,0,casing,none,0,-0.7145688677329789
79640,5,0,0,casing,none,0,-0.6852414674383694
80390,0,0,0,casing,none,0,-0.8513998797414983
82569,1,0,0,casing,none,0,-0.8520521200851718
125974,9,0,0,casing,none,0,-0.7999566079702857
127009,0,0,0,casing,none,0,-0.794310588591723
133121,3,0,0,casing,none,0,-0.8193711422914595
134852,0,0,0,casing,none,0,-0.6489116640972326
135441,0,0,0,casing,none,0,-0.6039111175285078
138363,2,0,1,casing,none,0,-0.7188475824938168
140552,0,0,0,casing,none,0,-0.8098222957600477
147422,0,0,0,casing,none,0,-0.7928337169554948
303,2,0,0,casing,minimal,0,-0.804136916556653
2331,1,0,0,casing,minimal,0,-0.6702562665389686
6278,1,0,0,casing,minimal,0,-0.7315782518309502
11787,1,0,0,casing,minimal,0,-0.7630992829092941
21811,0,0,0,casing,minimal,0,-0.7742271101192322
24791,7,0,0,casing,minimal,0,-0.8202079026552843
28456,0,0,0,casing,minimal,0,-0.6819656032288284
29926,7,0,0,casing,minimal,0,-0.8893939315097621
31276,0,0,1,casing,minimal,0,-0.25414660794161414
32428,0,0,0,casing,minimal,0,-0.7417546262767419
34856,0,0,0,casing,minimal,0,-0.7058654557920553
36762,0,0,0,casing,minimal,0,-0.8725257880869179
42850,0,0,0,casing,minimal,0,-0.6905407764390009
44724,0,0,0,casing,minimal,0,-0.8949181143418306
51262,3,0,0,casing,minimal,0,-0.8656866325044495
58797,0,0,0,casing,minimal,0,-0.7785076564792489
63755,0,0,0,casing,minimal,0,-0.6757237486873207
65117,0,0,0,casing,minimal,0,-0.7875778251309703
65226,0,0,0,casing,minimal,0,-0.7719321741316808
67117,0,0,0,casing,minimal,0,-0.7108196331971158
68340,0,0,0,casing,minimal,0,-0.6573647076246897
74163,0,0,0,casing,minimal,0,-0.7513222298645583
77329,1,0,0,casing,minimal,0,-0.7145688677329789
79640,5,0,0,casing,minimal,0,-0.6852414674383694
80390,0,0,0,casing,minimal,0,-0.8513998797414983
82569,1,0,0,casing,minimal,0,-0.8520521200851718
125974,9,0,0,casing,minimal,0,-0.7999566079702857
127009,0,0,0,casing,minimal,0,-0.794310588591723
133121,3,0,0,casing,minimal,0,-0.8193711422914595
134852,0,0,0,casing,minimal,0,-0.6489116640972326
135441,0,0,0,casing,minimal,0,-0.6039111175285078
138363,2,0,1,casing,minimal,0,-0.7188475824938168
140552,0,0,0,casing,minimal,0,-0.8098222957600477
147422,0,0,0,casing,minimal,0,-0.7928337169554948
303,2,0,0,casing,noise_aware,0,-0.804136916556653
2331,1,0,0,casing,noise_aware,0,-0.6702562665389686
6278,1,0,0,casing,noise_aware,0,-0.7315782518309502
11787,1,0,0,casing,noise_aware,0,-0.7630992829092941
21811,0,0,0,casing,noise_aware,0,-0.7742271101192322
24791,7,0,0,casing,noise_aware,0,-0.8202079026552843
28456,0,0,0,casing,noise_aware,0,-0.6819656032288284
29926,7,0,0,casing,noise_aware,0,-0.8893939315097621
31276,0,0,1,casing,noise_aware,0,-0.25414660794161414
32428,0,0,0,casing,noise_aware,0,-0.7417546262767419
34856,0,0,0,casing,noise_aware,0,-0.7058654557920553
36762,0,0,0,casing,noise_aware,0,-0.8725257880869179
42850,0,0,0,casing,noise_aware,0,-0.6905407764390009
44724,0,0,0,casing,noise_aware,0,-0.8949181143418306
51262,3,0,0,casing,noise_aware,0,-0.8656866325044495
58797,0,0,0,casing,noise_aware,0,-0.7785076564792489
63755,0,0,0,casing,noise_aware,0,-0.6757237486873207
65117,0,0,0,casing,noise_aware,0,-0.7875778251309703
65226,0,0,0,casing,noise_aware,0,-0.7719321741316808
67117,0,0,0,casing,noise_aware,0,-0.7108196331971158
68340,0,0,0,casing,noise_aware,0,-0.6573647076246897
74163,0,0,0,casing,noise_aware,0,-0.7513222298645583
77329,1,0,0,casing,noise_aware,0,-0.7145688677329789
79640,5,0,0,casing,noise_aware,0,-0.6852414674383694
80390,0,0,0,casing,noise_aware,0,-0.8513998797414983
82569,1,0,0,casing,noise_aware,0,-0.8520521200851718
125974,9,0,0,casing,noise_aware,0,-0.7999566079702857
127009,0,0,0,casing,noise_aware,0,-0.794310588591723
133121,3,0,0,casing,noise_aware,0,-0.8193711422914595
134852,0,0,0,casing,noise_aware,0,-0.6489116640972326
135441,0,0,0,casing,noise_aware,0,-0.6039111175285078
138363,2,0,1,casing,noise_aware,0,-0.7188475824938168
140552,0,0,0,casing,noise_aware,0,-0.8098222957600477
147422,0,0,0,casing,noise_aware,0,-0.7928337169554948
303,2,0,0,casing,aggressive,0,-0.8498594736078532
2331,1,0,0,casing,aggressive,0,-0.8249296349821801
6278,1,0,0,casing,aggressive,0,-0.8291486218769683
11787,1,0,0,casing,aggressive,0,-0.8615258382357074
21811,0,0,0,casing,aggressive,0,-0.8497782015352084
24791,7,0,0,casing,aggressive,0,-0.8101088391760656
28456,0,0,0,casing,aggressive,0,-0.811042660737634
29926,7,0,0,casing,aggressive,0,-0.9006010426508282
31276,0,0,1,casing,aggressive,0,-0.5224403805511579
32428,0,0,0,casing,aggressive,0,-0.8920916477275987
34856,0,0,0,casing,aggressive,0,-0.8306496461424905
36762,0,0,0,casing,aggressive,0,-0.8033972695380444
42850,0,0,0,casing,aggressive,0,-0.7434840070485972
44724,0,0,0,casing,aggressive,0,-0.865863412042962
51262,3,0,0,casing,aggressive,0,-0.9349549852510162
58797,0,0,0,casing,aggressive,0,-0.8129857598037016
63755,0,0,0,casing,aggressive,0,-0.8624132072612066
65117,0,0,0,casing,aggressive,0,-0.7258027189385243
65226,0,0,0,casing,aggressive,0,-0.8355631923245819
67117,0,0,0,casing,aggressive,0,-0.8902792193717384
68340,0,0,0,casing,aggressive,0,-0.853842770512058
74163,0,0,0,casing,aggressive,0,-0.7978243237116746
77329,1,0,0,casing,aggressive,0,-0.7365151819530226
79640,5,0,0,casing,aggressive,0,-0.7471236162093784
80390,0,0,0,casing,aggressive,0,-0.7920172366328587
82569,1,0,0,casing,aggressive,0,-0.8310110689159766
125974,9,0,0,casing,aggressive,0,-0.8160282979841692
127009,0,0,0,casing,aggressive,0,-0.8019090003632137
133121,3,0,0,casing,aggressive,0,-0.8508979307963266
134852,0,0,0,casing,aggressive,0,-0.6400067316522835
135441,0,0,0,casing,aggressive,0,-0.6913671494548794
138363,2,0,1,casing,aggressive,0,-0.8163285552720005
140552,0,0,0,casing,aggressive,0,-0.8218556203686723
147422,0,0,0,casing,aggressive,0,-0.7813791891740578
303,2,0,0,punctuation,none,0,-0.804136916556653
2331,1,0,0,punctuation,none,0,-0.6702562665389686
6278,1,0,0,punctuation,none,0,-0.7315782518309502
11787,1,0,0,punctuation,none,0,-0.7630992829092941
21811,0,0,0,punctuation,none,0,-0.7742271101192322
24791,7,0,0,punctuation,none,0,-0.8202079026552843
28456,0,0,0,punctuation,none,0,-0.6819656032288284
29926,7,0,0,punctuation,none,0,-0.8893939315097621
31276,0,0,1,punctuation,none,0,-0.25414660794161414
32428,0,0,0,punctuation,none,0,-0.7417546262767419
34856,0,0,0,punctuation,none,0,-0.7058654557920553
36762,0,0,0,punctuation,none,0,-0.8725257880869179
42850,0,0,0,punctuation,none,0,-0.6905407764390009
44724,0,0,0,punctuation,none,0,-0.8949181143418306
51262,3,0,0,punctuation,none,0,-0.8656866325044495
58797,0,0,0,punctuation,none,0,-0.7785076564792489
63755,0,0,0,punctuation,none,0,-0.6757237486873207
65117,0,0,0,punctuation,none,0,-0.7875778251309703
65226,0,0,0,punctuation,none,0,-0.7719321741316808
67117,0,0,0,punctuation,none,0,-0.7108196331971158
68340,0,0,0,punctuation,none,0,-0.6573647076246897
74163,0,0,0,punctuation,none,0,-0.7513222298645583
77329,1,0,0,punctuation,none,0,-0.7145688677329789
79640,5,0,0,punctuation,none,0,-0.6852414674383694
80390,0,0,0,punctuation,none,0,-0.8513998797414983
82569,1,0,0,punctuation,none,0,-0.8520521200851718
125974,9,0,0,punctuation,none,0,-0.7999566079702857
127009,0,0,0,punctuation,none,0,-0.794310588591723
133121,3,0,0,punctuation,none,0,-0.8193711422914595
134852,0,0,0,punctuation,none,0,-0.6489116640972326
135441,0,0,0,punctuation,none,0,-0.6039111175285078
138363,2,0,1,punctuation,none,0,-0.7188475824938168
140552,0,0,0,punctuation,none,0,-0.8098222957600477
147422,0,0,0,punctuation,none,0,-0.7928337169554948
303,2,0,0,punctuation,minimal,0,-0.804136916556653
2331,1,0,0,punctuation,minimal,0,-0.6702562665389686
6278,1,0,0,punctuation,minimal,0,-0.7315782518309502
11787,1,0,0,punctuation,minimal,0,-0.7630992829092941
21811,0,0,0,punctuation,minimal,0,-0.7742271101192322
24791,7,0,0,punctuation,minimal,0,-0.8202079026552843
28456,0,0,0,punctuation,minimal,0,-0.6819656032288284
29926,7,0,0,punctuation,minimal,0,-0.8893939315097621
31276,0,0,1,punctuation,minimal,0,-0.25414660794161414
32428,0,0,0,punctuation,minimal,0,-0.7417546262767419
34856,0,0,0,punctuation,minimal,0,-0.7058654557920553
36762,0,0,0,punctuation,minimal,0,-0.8725257880869179
42850,0,0,0,punctuation,minimal,0,-0.6905407764390009
44724,0,0,0,punctuation,minimal,0,-0.8949181143418306
51262,3,0,0,punctuation,minimal,0,-0.8656866325044495
58797,0,0,0,punctuation,minimal,0,-0.7785076564792489
63755,0,0,0,punctuation,minimal,0,-0.6757237486873207
65117,0,0,0,punctuation,minimal,0,-0.7875778251309703
65226,0,0,0,punctuation,minimal,0,-0.7719321741316808
67117,0,0,0,punctuation,minimal,0,-0.7108196331971158
68340,0,0,0,punctuation,minimal,0,-0.6573647076246897
74163,0,0,0,punctuation,minimal,0,-0.7513222298645583
77329,1,0,0,punctuation,minimal,0,-0.7145688677329789
79640,5,0,0,punctuation,minimal,0,-0.6852414674383694
80390,0,0,0,punctuation,minimal,0,-0.8513998797414983
82569,1,0,0,punctuation,minimal,0,-0.8520521200851718
125974,9,0,0,punctuation,minimal,0,-0.7999566079702857
127009,0,0,0,punctuation,minimal,0,-0.794310588591723
133121,3,0,0,punctuation,minimal,0,-0.8193711422914595
134852,0,0,0,punctuation,minimal,0,-0.6489116640972326
135441,0,0,0,punctuation,minimal,0,-0.6039111175285078
138363,2,0,1,punctuation,minimal,0,-0.7188475824938168
140552,0,0,0,punctuation,minimal,0,-0.8098222957600477
147422,0,0,0,punctuation,minimal,0,-0.7928337169554948
303,2,0,0,punctuation,noise_aware,0,-0.804136916556653
2331,1,0,0,punctuation,noise_aware,0,-0.6702562665389686
6278,1,0,0,punctuation,noise_aware,0,-0.7315782518309502
11787,1,0,0,punctuation,noise_aware,0,-0.7630992829092941
21811,0,0,0,punctuation,noise_aware,0,-0.7742271101192322
24791,7,0,0,punctuation,noise_aware,0,-0.8202079026552843
28456,0,0,0,punctuation,noise_aware,0,-0.6819656032288284
29926,7,0,0,punctuation,noise_aware,0,-0.8893939315097621
31276,0,0,1,punctuation,noise_aware,0,-0.25414660794161414
32428,0,0,0,punctuation,noise_aware,0,-0.7417546262767419
34856,0,0,0,punctuation,noise_aware,0,-0.7058654557920553
36762,0,0,0,punctuation,noise_aware,0,-0.8725257880869179
42850,0,0,0,punctuation,noise_aware,0,-0.6905407764390009
44724,0,0,0,punctuation,noise_aware,0,-0.8949181143418306
51262,3,0,0,punctuation,noise_aware,0,-0.8656866325044495
58797,0,0,0,punctuation,noise_aware,0,-0.7785076564792489
63755,0,0,0,punctuation,noise_aware,0,-0.6757237486873207
65117,0,0,0,punctuation,noise_aware,0,-0.7875778251309703
65226,0,0,0,punctuation,noise_aware,0,-0.7719321741316808
67117,0,0,0,punctuation,noise_aware,0,-0.7108196331971158
68340,0,0,0,punctuation,noise_aware,0,-0.6573647076246897
74163,0,0,0,punctuation,noise_aware,0,-0.7513222298645583
77329,1,0,0,punctuation,noise_aware,0,-0.7145688677329789
79640,5,0,0,punctuation,noise_aware,0,-0.6852414674383694
80390,0,0,0,punctuation,noise_aware,0,-0.8513998797414983
82569,1,0,0,punctuation,noise_aware,0,-0.8520521200851718
125974,9,0,0,punctuation,noise_aware,0,-0.7999566079702857
127009,0,0,0,punctuation,noise_aware,0,-0.794310588591723
133121,3,0,0,punctuation,noise_aware,0,-0.8193711422914595
134852,0,0,0,punctuation,noise_aware,0,-0.6489116640972326
135441,0,0,0,punctuation,noise_aware,0,-0.6039111175285078
138363,2,0,1,punctuation,noise_aware,0,-0.7188475824938168
140552,0,0,0,punctuation,noise_aware,0,-0.8098222957600477
147422,0,0,0,punctuation,noise_aware,0,-0.7928337169554948
303,2,0,0,punctuation,aggressive,0,-0.8498594736078532
2331,1,0,0,punctuation,aggressive,0,-0.8249296349821801
6278,1,0,0,punctuation,aggressive,0,-0.8291486218769683
11787,1,0,0,punctuation,aggressive,0,-0.8615258382357074
21811,0,0,0,punctuation,aggressive,0,-0.8497782015352084
24791,7,0,0,punctuation,aggressive,0,-0.8101088391760656
28456,0,0,0,punctuation,aggressive,0,-0.811042660737634
29926,7,0,0,punctuation,aggressive,0,-0.9006010426508282
31276,0,0,1,punctuation,aggressive,0,-0.5224403805511579
32428,0,0,0,punctuation,aggressive,0,-0.8920916477275987
34856,0,0,0,punctuation,aggressive,0,-0.8306496461424905
36762,0,0,0,punctuation,aggressive,0,-0.8033972695380444
42850,0,0,0,punctuation,aggressive,0,-0.7434840070485972
44724,0,0,0,punctuation,aggressive,0,-0.865863412042962
51262,3,0,0,punctuation,aggressive,0,-0.9349549852510162
58797,0,0,0,punctuation,aggressive,0,-0.8129857598037016
63755,0,0,0,punctuation,aggressive,0,-0.8624132072612066
65117,0,0,0,punctuation,aggressive,0,-0.7258027189385243
65226,0,0,0,punctuation,aggressive,0,-0.8355631923245819
67117,0,0,0,punctuation,aggressive,0,-0.8902792193717384
68340,0,0,0,punctuation,aggressive,0,-0.853842770512058
74163,0,0,0,punctuation,aggressive,0,-0.7978243237116746
77329,1,0,0,punctuation,aggressive,0,-0.7365151819530226
79640,5,0,0,punctuation,aggressive,0,-0.7471236162093784
80390,0,0,0,punctuation,aggressive,0,-0.7920172366328587
82569,1,0,0,punctuation,aggressive,0,-0.8310110689159766
125974,9,0,0,punctuation,aggressive,0,-0.8160282979841692
127009,0,0,0,punctuation,aggressive,0,-0.8019090003632137
133121,3,0,0,punctuation,aggressive,0,-0.8508979307963266
134852,0,0,0,punctuation,aggressive,0,-0.6400067316522835
135441,0,0,0,punctuation,aggressive,0,-0.6913671494548794
138363,2,0,1,punctuation,aggressive,0,-0.8163285552720005
140552,0,0,0,punctuation,aggressive,0,-0.8218556203686723
147422,0,0,0,punctuation,aggressive,0,-0.7813791891740578
303,2,0,0,whitespace,none,0,-0.7958852108427908
2331,1,0,0,whitespace,none,0,-0.6539556568122123
6278,1,0,0,whitespace,none,0,-0.7429052754550605
11787,1,0,0,whitespace,none,0,-0.7728958828512915
21811,0,0,0,whitespace,none,0,-0.7712322519317033
24791,7,0,0,whitespace,none,0,-0.8224567266439022
28456,0,0,0,whitespace,none,0,-0.7098957165576272
29926,7,0,0,whitespace,none,0,-0.8751581500317656
31276,0,0,1,whitespace,none,0,-0.3037918321587666
32428,0,0,0,whitespace,none,0,-0.7417546262767419
34856,0,0,0,whitespace,none,0,-0.7182400816020004
36762,0,0,0,whitespace,none,0,-0.8643384081938439
42850,0,0,0,whitespace,none,0,-0.6870159025544478
44724,0,0,0,whitespace,none,0,-0.8989932907509152
51262,3,0,0,whitespace,none,0,-0.8989328341954673
58797,0,0,0,whitespace,none,0,-0.7669722858958434
63755,0,0,0,whitespace,none,0,-0.6785724321222115
65117,0,0,0,whitespace,none,0,-0.8073125943079976
65226,0,0,0,whitespace,none,0,-0.7732017435361895
67117,0,0,0,whitespace,none,0,-0.7108340308555039
68340,0,0,0,whitespace,none,0,-0.689917217867631
74163,0,0,0,whitespace,none,0,-0.7615469430069984
77329,1,0,0,whitespace,none,0,-0.7137796143821071
79640,5,0,0,whitespace,none,0,-0.6784478772983874
80390,0,0,0,whitespace,none,0,-0.8575528522443893
82569,1,0,0,whitespace,none,0,-0.8569451224714271
125974,9,0,0,whitespace,none,0,-0.7948123808587616
127009,0,0,0,whitespace,none,0,-0.7951108733624936
133121,3,0,0,whitespace,none,0,-0.8088775533319252
134852,0,0,0,whitespace,none,0,-0.6415278376297603
135441,0,0,0,whitespace,none,0,-0.6204630987198887
138363,2,0,1,whitespace,none,0,-0.7734045713038975
140552,0,0,0,whitespace,none,0,-0.7824175225482787
147422,0,0,0,whitespace,none,0,-0.78238142496101
303,2,0,0,whitespace,minimal,0,-0.7958852108427908
2331,1,0,0,whitespace,minimal,0,-0.6539556568122123
6278,1,0,0,whitespace,minimal,0,-0.7429052754550605
11787,1,0,0,whitespace,minimal,0,-0.7728958828512915
21811,0,0,0,whitespace,minimal,0,-0.7712322519317033
24791,7,0,0,whitespace,minimal,0,-0.8224567266439022
28456,0,0,0,whitespace,minimal,0,-0.7098957165576272
29926,7,0,0,whitespace,minimal,0,-0.8751581500317656
31276,0,0,1,whitespace,minimal,0,-0.3037918321587666
32428,0,0,0,whitespace,minimal,0,-0.7417546262767419
34856,0,0,0,whitespace,minimal,0,-0.7182400816020004
36762,0,0,0,whitespace,minimal,0,-0.8643384081938439
42850,0,0,0,whitespace,minimal,0,-0.6870159025544478
44724,0,0,0,whitespace,minimal,0,-0.8989932907509152
51262,3,0,0,whitespace,minimal,0,-0.8989328341954673
58797,0,0,0,whitespace,minimal,0,-0.7669722858958434
63755,0,0,0,whitespace,minimal,0,-0.6785724321222115
65117,0,0,0,whitespace,minimal,0,-0.8073125943079976
65226,0,0,0,whitespace,minimal,0,-0.7732017435361895
67117,0,0,0,whitespace,minimal,0,-0.7108340308555039
68340,0,0,0,whitespace,minimal,0,-0.689917217867631
74163,0,0,0,whitespace,minimal,0,-0.7615469430069984
77329,1,0,0,whitespace,minimal,0,-0.7137796143821071
79640,5,0,0,whitespace,minimal,0,-0.6784478772983874
80390,0,0,0,whitespace,minimal,0,-0.8575528522443893
82569,1,0,0,whitespace,minimal,0,-0.8569451224714271
125974,9,0,0,whitespace,minimal,0,-0.7948123808587616
127009,0,0,0,whitespace,minimal,0,-0.7951108733624936
133121,3,0,0,whitespace,minimal,0,-0.8088775533319252
134852,0,0,0,whitespace,minimal,0,-0.6415278376297603
135441,0,0,0,whitespace,minimal,0,-0.6204630987198887
138363,2,0,1,whitespace,minimal,0,-0.7734045713038975
140552,0,0,0,whitespace,minimal,0,-0.7824175225482787
147422,0,0,0,whitespace,minimal,0,-0.78238142496101
303,2,0,0,whitespace,noise_aware,0,-0.7958852108427908
2331,1,0,0,whitespace,noise_aware,0,-0.6539556568122123
6278,1,0,0,whitespace,noise_aware,0,-0.7429052754550605
11787,1,0,0,whitespace,noise_aware,0,-0.7728958828512915
21811,0,0,0,whitespace,noise_aware,0,-0.7712322519317033
24791,7,0,0,whitespace,noise_aware,0,-0.8224567266439022
28456,0,0,0,whitespace,noise_aware,0,-0.7098957165576272
29926,7,0,0,whitespace,noise_aware,0,-0.8751581500317656
31276,0,0,1,whitespace,noise_aware,0,-0.3037918321587666
32428,0,0,0,whitespace,noise_aware,0,-0.7417546262767419
34856,0,0,0,whitespace,noise_aware,0,-0.7182400816020004
36762,0,0,0,whitespace,noise_aware,0,-0.8643384081938439
42850,0,0,0,whitespace,noise_aware,0,-0.6870159025544478
44724,0,0,0,whitespace,noise_aware,0,-0.8989932907509152
51262,3,0,0,whitespace,noise_aware,0,-0.8989328341954673
58797,0,0,0,whitespace,noise_aware,0,-0.7669722858958434
63755,0,0,0,whitespace,noise_aware,0,-0.6785724321222115
65117,0,0,0,whitespace,noise_aware,0,-0.8073125943079976
65226,0,0,0,whitespace,noise_aware,0,-0.7732017435361895
67117,0,0,0,whitespace,noise_aware,0,-0.7108340308555039
68340,0,0,0,whitespace,noise_aware,0,-0.689917217867631
74163,0,0,0,whitespace,noise_aware,0,-0.7615469430069984
77329,1,0,0,whitespace,noise_aware,0,-0.7137796143821071
79640,5,0,0,whitespace,noise_aware,0,-0.6784478772983874
80390,0,0,0,whitespace,noise_aware,0,-0.8575528522443893
82569,1,0,0,whitespace,noise_aware,0,-0.8569451224714271
125974,9,0,0,whitespace,noise_aware,0,-0.7948123808587616
127009,0,0,0,whitespace,noise_aware,0,-0.7951108733624936
133121,3,0,0,whitespace,noise_aware,0,-0.8088775533319252
134852,0,0,0,whitespace,noise_aware,0,-0.6415278376297603
135441,0,0,0,whitespace,noise_aware,0,-0.6204630987198887
138363,2,0,1,whitespace,noise_aware,0,-0.7734045713038975
140552,0,0,0,whitespace,noise_aware,0,-0.7824175225482787
147422,0,0,0,whitespace,noise_aware,0,-0.78238142496101
303,2,0,0,whitespace,aggressive,0,-0.8447818391172879
2331,1,0,0,whitespace,aggressive,0,-0.8119055393319305
6278,1,0,0,whitespace,aggressive,0,-0.834271342454726
11787,1,0,0,whitespace,aggressive,0,-0.8584637339103781
21811,0,0,0,whitespace,aggressive,0,-0.8508346274795722
24791,7,0,0,whitespace,aggressive,0,-0.8101088391760656
28456,0,0,0,whitespace,aggressive,0,-0.8237834250669166
29926,7,0,0,whitespace,aggressive,0,-0.8964384641198868
31276,0,0,1,whitespace,aggressive,0,-0.5789246271921832
32428,0,0,0,whitespace,aggressive,0,-0.8920916477275987
34856,0,0,0,whitespace,aggressive,0,-0.8456848023613274
36762,0,0,0,whitespace,aggressive,0,-0.809827962086404
42850,0,0,0,whitespace,aggressive,0,-0.7440228496860355
44724,0,0,0,whitespace,aggressive,0,-0.867552213737109
51262,3,0,0,whitespace,aggressive,0,-0.9373500710003352
58797,0,0,0,whitespace,aggressive,0,-0.797031957853278
63755,0,0,0,whitespace,aggressive,0,-0.8655771110387229
65117,0,0,0,whitespace,aggressive,0,-0.7426830399776433
65226,0,0,0,whitespace,aggressive,0,-0.8332525992859117
67117,0,0,0,whitespace,aggressive,0,-0.8947227955926444
68340,0,0,0,whitespace,aggressive,0,-0.8751414201431841
74163,0,0,0,whitespace,aggressive,0,-0.8111191051906033
77329,1,0,0,whitespace,aggressive,0,-0.7314175535036687
79640,5,0,0,whitespace,aggressive,0,-0.7311310120469886
80390,0,0,0,whitespace,aggressive,0,-0.7902989078214081
82569,1,0,0,whitespace,aggressive,0,-0.865739190980043
125974,9,0,0,whitespace,aggressive,0,-0.8267717157681589
127009,0,0,0,whitespace,aggressive,0,-0.8013697357642442
133121,3,0,0,whitespace,aggressive,0,-0.8582151682296091
134852,0,0,0,whitespace,aggressive,0,-0.638785828122537
135441,0,0,0,whitespace,aggressive,0,-0.6879987712575429
138363,2,0,1,whitespace,aggressive,0,-0.8029415830152047
140552,0,0,0,whitespace,aggressive,0,-0.8066705844573183
147422,0,0,0,whitespace,aggressive,0,-0.7790341470714239
303,2,0,0,typo,none,0,-0.8009945303964041
2331,1,0,0,typo,none,0,-0.6683131505684368
6278,1,0,0,typo,none,0,-0.7347672702309648
11787,1,0,0,typo,none,0,-0.7605731977615144
21811,0,0,0,typo,none,0,-0.7722511390839117
24791,7,0,0,typo,none,0,-0.8202079026552843
28456,0,0,0,typo,none,0,-0.6742403854094888
29926,7,0,0,typo,none,0,-0.8835831540126081
31276,0,0,1,typo,none,0,-0.25986066612802783
32428,0,0,0,typo,none,0,-0.7417546262767419
34856,0,0,0,typo,none,0,-0.6980564468097198
36762,0,0,0,typo,none,0,-0.8685516329059317
42850,0,0,0,typo,none,0,-0.6885465244870643
44724,0,0,0,typo,none,0,-0.8926178335854608
51262,3,0,0,typo,none,0,-0.873163583113883
58797,0,0,0,typo,none,0,-0.7681432913545652
63755,0,0,0,typo,none,0,-0.6706027147378592
65117,0,0,0,typo,none,0,-0.7839951611452154
65226,0,0,0,typo,none,0,-0.7637554958356405
67117,0,0,0,typo,none,0,-0.7046643069932216
68340,0,0,0,typo,none,0,-0.6597782784709325
74163,0,0,0,typo,none,0,-0.7675939314259083
77329,1,0,0,typo,none,0,-0.7139218943132172
79640,5,0,0,typo,none,0,-0.6790577556742124
80390,0,0,0,typo,none,0,-0.857035477223228
82569,1,0,0,typo,none,0,-0.8895516585670199
125974,9,0,0,typo,none,0,-0.805429425301216
127009,0,0,0,typo,none,0,-0.797218427876035
133121,3,0,0,typo,none,0,-0.8131668264272431
134852,0,0,0,typo,none,0,-0.6419275430185549
135441,0,0,0,typo,none,0,-0.6001205345773246
138363,2,0,1,typo,none,0,-0.7129501774947229
140552,0,0,0,typo,none,0,-0.8117397144526303
147422,0,0,0,typo,none,0,-0.7911784138177078
303,2,0,0,typo,minimal,0,-0.8009945303964041
2331,1,0,0,typo,minimal,0,-0.6683131505684368
6278,1,0,0,typo,minimal,0,-0.7347672702309648
11787,1,0,0,typo,minimal,0,-0.7605731977615144
21811,0,0,0,typo,minimal,0,-0.7722511390839117
24791,7,0,0,typo,minimal,0,-0.8202079026552843
28456,0,0,0,typo,minimal,0,-0.6742403854094888
29926,7,0,0,typo,minimal,0,-0.8835831540126081
31276,0,0,1,typo,minimal,0,-0.25986066612802783
32428,0,0,0,typo,minimal,0,-0.7417546262767419
34856,0,0,0,typo,minimal,0,-0.6980564468097198
36762,0,0,0,typo,minimal,0,-0.8685516329059317
42850,0,0,0,typo,minimal,0,-0.6885465244870643
44724,0,0,0,typo,minimal,0,-0.8926178335854608
51262,3,0,0,typo,minimal,0,-0.873163583113883
58797,0,0,0,typo,minimal,0,-0.7681432913545652
63755,0,0,0,typo,minimal,0,-0.6706027147378592
65117,0,0,0,typo,minimal,0,-0.7839951611452154
65226,0,0,0,typo,minimal,0,-0.7637554958356405
67117,0,0,0,typo,minimal,0,-0.7046643069932216
68340,0,0,0,typo,minimal,0,-0.6597782784709325
74163,0,0,0,typo,minimal,0,-0.7675939314259083
77329,1,0,0,typo,minimal,0,-0.7139218943132172
79640,5,0,0,typo,minimal,0,-0.6790577556742124
80390,0,0,0,typo,minimal,0,-0.857035477223228
82569,1,0,0,typo,minimal,0,-0.8895516585670199
125974,9,0,0,typo,minimal,0,-0.805429425301216
127009,0,0,0,typo,minimal,0,-0.797218427876035
133121,3,0,0,typo,minimal,0,-0.8131668264272431
134852,0,0,0,typo,minimal,0,-0.6419275430185549
135441,0,0,0,typo,minimal,0,-0.6001205345773246
138363,2,0,1,typo,minimal,0,-0.7129501774947229
140552,0,0,0,typo,minimal,0,-0.8117397144526303
147422,0,0,0,typo,minimal,0,-0.7911784138177078
303,2,0,0,typo,noise_aware,0,-0.8009945303964041
2331,1,0,0,typo,noise_aware,0,-0.6683131505684368
6278,1,0,0,typo,noise_aware,0,-0.7347672702309648
11787,1,0,0,typo,noise_aware,0,-0.7605731977615144
21811,0,0,0,typo,noise_aware,0,-0.7722511390839117
24791,7,0,0,typo,noise_aware,0,-0.8202079026552843
28456,0,0,0,typo,noise_aware,0,-0.6742403854094888
29926,7,0,0,typo,noise_aware,0,-0.8835831540126081
31276,0,0,1,typo,noise_aware,0,-0.25986066612802783
32428,0,0,0,typo,noise_aware,0,-0.7417546262767419
34856,0,0,0,typo,noise_aware,0,-0.6980564468097198
36762,0,0,0,typo,noise_aware,0,-0.8685516329059317
42850,0,0,0,typo,noise_aware,0,-0.6885465244870643
44724,0,0,0,typo,noise_aware,0,-0.8926178335854608
51262,3,0,0,typo,noise_aware,0,-0.873163583113883
58797,0,0,0,typo,noise_aware,0,-0.7681432913545652
63755,0,0,0,typo,noise_aware,0,-0.6706027147378592
65117,0,0,0,typo,noise_aware,0,-0.7839951611452154
65226,0,0,0,typo,noise_aware,0,-0.7637554958356405
67117,0,0,0,typo,noise_aware,0,-0.7046643069932216
68340,0,0,0,typo,noise_aware,0,-0.6597782784709325
74163,0,0,0,typo,noise_aware,0,-0.7675939314259083
77329,1,0,0,typo,noise_aware,0,-0.7139218943132172
79640,5,0,0,typo,noise_aware,0,-0.6790577556742124
80390,0,0,0,typo,noise_aware,0,-0.857035477223228
82569,1,0,0,typo,noise_aware,0,-0.8895516585670199
125974,9,0,0,typo,noise_aware,0,-0.805429425301216
127009,0,0,0,typo,noise_aware,0,-0.797218427876035
133121,3,0,0,typo,noise_aware,0,-0.8131668264272431
134852,0,0,0,typo,noise_aware,0,-0.6419275430185549
135441,0,0,0,typo,noise_aware,0,-0.6001205345773246
138363,2,0,1,typo,noise_aware,0,-0.7129501774947229
140552,0,0,0,typo,noise_aware,0,-0.8117397144526303
147422,0,0,0,typo,noise_aware,0,-0.7911784138177078
303,2,0,0,typo,aggressive,0,-0.8498594736078532
2331,1,0,0,typo,aggressive,0,-0.8249296349821801
6278,1,0,0,typo,aggressive,0,-0.8307611998318546
11787,1,0,0,typo,aggressive,0,-0.8595274263564526
21811,0,0,0,typo,aggressive,0,-0.8497782015352084
24791,7,0,0,typo,aggressive,0,-0.8101088391760656
28456,0,0,0,typo,aggressive,0,-0.8100857959603365
29926,7,0,0,typo,aggressive,0,-0.8967057532281499
31276,0,0,1,typo,aggressive,0,-0.5287238881103689
32428,0,0,0,typo,aggressive,0,-0.8920916477275987
34856,0,0,0,typo,aggressive,0,-0.8225976821044894
36762,0,0,0,typo,aggressive,0,-0.8010911542336632
42850,0,0,0,typo,aggressive,0,-0.7434840070485972
44724,0,0,0,typo,aggressive,0,-0.8664876515402246
51262,3,0,0,typo,aggressive,0,-0.9384904356274444
58797,0,0,0,typo,aggressive,0,-0.8065734761808842
63755,0,0,0,typo,aggressive,0,-0.8612306067850501
65117,0,0,0,typo,aggressive,0,-0.721028550375664
65226,0,0,0,typo,aggressive,0,-0.8272309602076513
67117,0,0,0,typo,aggressive,0,-0.8662603809944158
68340,0,0,0,typo,aggressive,0,-0.8512236418828324
74163,0,0,0,typo,aggressive,0,-0.8095373979175385
77329,1,0,0,typo,aggressive,0,-0.7365151819530226
79640,5,0,0,typo,aggressive,0,-0.7391366284266447
80390,0,0,0,typo,aggressive,0,-0.7986158937701862
82569,1,0,0,typo,aggressive,0,-0.8523003653459886
125974,9,0,0,typo,aggressive,0,-0.8141020357446138
127009,0,0,0,typo,aggressive,0,-0.8021221811036269
133121,3,0,0,typo,aggressive,0,-0.8476461226622818
134852,0,0,0,typo,aggressive,0,-0.6318825912271971
135441,0,0,0,typo,aggressive,0,-0.6847949212795426
138363,2,0,1,typo,aggressive,0,-0.8163285552720005
140552,0,0,0,typo,aggressive,0,-0.8171329924269456
147422,0,0,0,typo,aggressive,0,-0.7778287150863148
303,2,0,0,word_deletion,none,0,-0.7919317112604431
2331,1,0,0,word_deletion,none,0,-0.6739842998079255
6278,1,0,0,word_deletion,none,0,-0.7302326661443918
11787,1,0,0,word_deletion,none,0,-0.760035383000159
21811,0,0,0,word_deletion,none,0,-0.76945201006316
24791,7,0,0,word_deletion,none,0,-0.8202079026552843
28456,0,0,0,word_deletion,none,0,-0.6813527589635057
29926,7,0,0,word_deletion,none,0,-0.8923306204161333
31276,0,0,1,word_deletion,none,0,-0.24169963018441076
32428,0,0,0,word_deletion,none,0,-0.7417546262767419
34856,0,0,0,word_deletion,none,0,-0.705240523274739
36762,0,0,0,word_deletion,none,0,-0.871805397601676
42850,0,0,0,word_deletion,none,0,-0.7161371620719458
44724,0,0,0,word_deletion,none,0,-0.8899702216329504
51262,3,0,0,word_deletion,none,0,-0.8694333442975367
58797,0,0,0,word_deletion,none,0,-0.7785076564792489
63755,0,0,0,word_deletion,none,0,-0.6727076085994956
65117,0,0,0,word_deletion,none,0,-0.7980480240118246
65226,0,0,0,word_deletion,none,0,-0.7668631683157585
67117,0,0,0,word_deletion,none,0,-0.698763862037363
68340,0,0,0,word_deletion,none,0,-0.6572414337443118
74163,0,0,0,word_deletion,none,0,-0.7493231917962089
77329,1,0,0,word_deletion,none,0,-0.7065503560536023
79640,5,0,0,word_deletion,none,0,-0.695976926956883
80390,0,0,0,word_deletion,none,0,-0.8521248075940117
82569,1,0,0,word_deletion,none,0,-0.8480714262606978
125974,9,0,0,word_deletion,none,0,-0.8178108462834764
127009,0,0,0,word_deletion,none,0,-0.7877373134927761
133121,3,0,0,word_deletion,none,0,-0.8141136301043449
134852,0,0,0,word_deletion,none,0,-0.65724608289085
135441,0,0,0,word_deletion,none,0,-0.6068529680602698
138363,2,0,1,word_deletion,none,0,-0.717737871664353
140552,0,0,0,word_deletion,none,0,-0.8140419243583467
147422,0,0,0,word_deletion,none,0,-0.7946715026287421
303,2,0,0,word_deletion,minimal,0,-0.7919317112604431
2331,1,0,0,word_deletion,minimal,0,-0.6739842998079255
6278,1,0,0,word_deletion,minimal,0,-0.7302326661443918
11787,1,0,0,word_deletion,minimal,0,-0.760035383000159
21811,0,0,0,word_deletion,minimal,0,-0.76945201006316
24791,7,0,0,word_deletion,minimal,0,-0.8202079026552843
28456,0,0,0,word_deletion,minimal,0,-0.6813527589635057
29926,7,0,0,word_deletion,minimal,0,-0.8923306204161333
31276,0,0,1,word_deletion,minimal,0,-0.24169963018441076
32428,0,0,0,word_deletion,minimal,0,-0.7417546262767419
34856,0,0,0,word_deletion,minimal,0,-0.705240523274739
36762,0,0,0,word_deletion,minimal,0,-0.871805397601676
42850,0,0,0,word_deletion,minimal,0,-0.7161371620719458
44724,0,0,0,word_deletion,minimal,0,-0.8899702216329504
51262,3,0,0,word_deletion,minimal,0,-0.8694333442975367
58797,0,0,0,word_deletion,minimal,0,-0.7785076564792489
63755,0,0,0,word_deletion,minimal,0,-0.6727076085994956
65117,0,0,0,word_deletion,minimal,0,-0.7980480240118246
65226,0,0,0,word_deletion,minimal,0,-0.7668631683157585
67117,0,0,0,word_deletion,minimal,0,-0.698763862037363
68340,0,0,0,word_deletion,minimal,0,-0.6572414337443118
74163,0,0,0,word_deletion,minimal,0,-0.7493231917962089
77329,1,0,0,word_deletion,minimal,0,-0.7065503560536023
79640,5,0,0,word_deletion,minimal,0,-0.695976926956883
80390,0,0,0,word_deletion,minimal,0,-0.8521248075940117
82569,1,0,0,word_deletion,minimal,0,-0.8480714262606978
125974,9,0,0,word_deletion,minimal,0,-0.8178108462834764
127009,0,0,0,word_deletion,minimal,0,-0.7877373134927761
133121,3,0,0,word_deletion,minimal,0,-0.8141136301043449
134852,0,0,0,word_deletion,minimal,0,-0.65724608289085
135441,0,0,0,word_deletion,minimal,0,-0.6068529680602698
138363,2,0,1,word_deletion,minimal,0,-0.717737871664353
140552,0,0,0,word_deletion,minimal,0,-0.8140419243583467
147422,0,0,0,word_deletion,minimal,0,-0.7946715026287421
303,2,0,0,word_deletion,noise_aware,0,-0.7919317112604431
2331,1,0,0,word_deletion,noise_aware,0,-0.6739842998079255
6278,1,0,0,word_deletion,noise_aware,0,-0.7302326661443918
11787,1,0,0,word_deletion,noise_aware,0,-0.760035383000159
21811,0,0,0,word_deletion,noise_aware,0,-0.76945201006316
24791,7,0,0,word_deletion,noise_aware,0,-0.8202079026552843
28456,0,0,0,word_deletion,noise_aware,0,-0.6813527589635057
29926,7,0,0,word_deletion,noise_aware,0,-0.8923306204161333
31276,0,0,1,word_deletion,noise_aware,0,-0.24169963018441076
32428,0,0,0,word_deletion,noise_aware,0,-0.7417546262767419
34856,0,0,0,word_deletion,noise_aware,0,-0.705240523274739
36762,0,0,0,word_deletion,noise_aware,0,-0.871805397601676
42850,0,0,0,word_deletion,noise_aware,0,-0.7161371620719458
44724,0,0,0,word_deletion,noise_aware,0,-0.8899702216329504
51262,3,0,0,word_deletion,noise_aware,0,-0.8694333442975367
58797,0,0,0,word_deletion,noise_aware,0,-0.7785076564792489
63755,0,0,0,word_deletion,noise_aware,0,-0.6727076085994956
65117,0,0,0,word_deletion,noise_aware,0,-0.7980480240118246
65226,0,0,0,word_deletion,noise_aware,0,-0.7668631683157585
67117,0,0,0,word_deletion,noise_aware,0,-0.698763862037363
68340,0,0,0,word_deletion,noise_aware,0,-0.6572414337443118
74163,0,0,0,word_deletion,noise_aware,0,-0.7493231917962089
77329,1,0,0,word_deletion,noise_aware,0,-0.7065503560536023
79640,5,0,0,word_deletion,noise_aware,0,-0.695976926956883
80390,0,0,0,word_deletion,noise_aware,0,-0.8521248075940117
82569,1,0,0,word_deletion,noise_aware,0,-0.8480714262606978
125974,9,0,0,word_deletion,noise_aware,0,-0.8178108462834764
127009,0,0,0,word_deletion,noise_aware,0,-0.7877373134927761
133121,3,0,0,word_deletion,noise_aware,0,-0.8141136301043449
134852,0,0,0,word_deletion,noise_aware,0,-0.65724608289085
135441,0,0,0,word_deletion,noise_aware,0,-0.6068529680602698
138363,2,0,1,word_deletion,noise_aware,0,-0.717737871664353
140552,0,0,0,word_deletion,noise_aware,0,-0.8140419243583467
147422,0,0,0,word_deletion,noise_aware,0,-0.7946715026287421
303,2,0,0,word_deletion,aggressive,0,-0.8474221739615482
2331,1,0,0,word_deletion,aggressive,0,-0.8247018910503288
6278,1,0,0,word_deletion,aggressive,0,-0.8291486218769683
11787,1,0,0,word_deletion,aggressive,0,-0.8589011672545043
21811,0,0,0,word_deletion,aggressive,0,-0.8476062328477707
24791,7,0,0,word_deletion,aggressive,0,-0.8101088391760656
28456,0,0,0,word_deletion,aggressive,0,-0.8104024314119471
29926,7,0,0,word_deletion,aggressive,0,-0.9006010426508282
31276,0,0,1,word_deletion,aggressive,0,-0.5082350587195834
32428,0,0,0,word_deletion,aggressive,0,-0.8920916477275987
34856,0,0,0,word_deletion,aggressive,0,-0.8306496461424905
36762,0,0,0,word_deletion,aggressive,0,-0.8014092282968288
42850,0,0,0,word_deletion,aggressive,0,-0.7434840070485972
44724,0,0,0,word_deletion,aggressive,0,-0.8652130575964656
51262,3,0,0,word_deletion,aggressive,0,-0.9351565352317218
58797,0,0,0,word_deletion,aggressive,0,-0.8129857598037016
63755,0,0,0,word_deletion,aggressive,0,-0.8600547043595097
65117,0,0,0,word_deletion,aggressive,0,-0.7258027189385243
65226,0,0,0,word_deletion,aggressive,0,-0.8329580405371463
67117,0,0,0,word_deletion,aggressive,0,-0.877812576174286
68340,0,0,0,word_deletion,aggressive,0,-0.853842770512058
74163,0,0,0,word_deletion,aggressive,0,-0.7951156912265023
77329,1,0,0,word_deletion,aggressive,0,-0.7365151819530226
79640,5,0,0,word_deletion,aggressive,0,-0.7471236162093784
80390,0,0,0,word_deletion,aggressive,0,-0.7918674065337061
82569,1,0,0,word_deletion,aggressive,0,-0.8317326494848611
125974,9,0,0,word_deletion,aggressive,0,-0.8298900967453615
127009,0,0,0,word_deletion,aggressive,0,-0.7950228515051471
133121,3,0,0,word_deletion,aggressive,0,-0.8471311136343004
134852,0,0,0,word_deletion,aggressive,0,-0.6400067316522835
135441,0,0,0,word_deletion,aggressive,0,-0.6889562602027987
138363,2,0,1,word_deletion,aggressive,0,-0.8261319695162574
140552,0,0,0,word_deletion,aggressive,0,-0.8195922810182705
147422,0,0,0,word_deletion,aggressive,0,-0.7898037853374115
303,2,0,0,filler,none,0,-0.8177756059282992
2331,1,0,0,filler,none,0,-0.6627106619662244
6278,1,0,0,filler,none,0,-0.7240459456231192
11787,1,0,0,filler,none,0,-0.7548155466440796
21811,0,0,0,filler,none,0,-0.75756376982365
24791,7,0,0,filler,none,0,-0.8202079026552843
28456,0,0,0,filler,none,0,-0.6707888565427531
29926,7,0,0,filler,none,0,-0.8862880852501425
31276,0,0,1,filler,none,0,-0.25138258633547406
32428,0,0,0,filler,none,0,-0.7417546262767419
34856,0,0,0,filler,none,0,-0.6945924862255906
36762,0,0,0,filler,none,0,-0.8709025398987291
42850,0,0,0,filler,none,0,-0.7095676609782843
44724,0,0,0,filler,none,0,-0.8908508155138414
51262,3,0,0,filler,none,0,-0.8620120690978165
58797,0,0,0,filler,none,0,-0.7785076564792489
63755,0,0,0,filler,none,0,-0.6687873594204072
65117,0,0,0,filler,none,0,-0.7875778251309703
65226,0,0,0,filler,none,0,-0.760320228775724
67117,0,0,0,filler,none,0,-0.7058708615579734
68340,0,0,0,filler,none,0,-0.6467349135809051
74163,0,0,0,filler,none,0,-0.7484159764855562
77329,1,0,0,filler,none,0,-0.7101949218428436
79640,5,0,0,filler,none,0,-0.6852414674383694
80390,0,0,0,filler,none,0,-0.8396941043652378
82569,1,0,0,filler,none,0,-0.8403131266686348
125974,9,0,0,filler,none,0,-0.8077370518423562
127009,0,0,0,filler,none,0,-0.794310588591723
133121,3,0,0,filler,none,0,-0.8100917648686145
134852,0,0,0,filler,none,0,-0.6451277523874482
135441,0,0,0,filler,none,0,-0.6065215707692698
138363,2,0,1,filler,none,0,-0.7135740835628307
140552,0,0,0,filler,none,0,-0.8047940465848077
147422,0,0,0,filler,none,0,-0.7837194433704902
303,2,0,0,filler,minimal,0,-0.8177756059282992
2331,1,0,0,filler,minimal,0,-0.6627106619662244
6278,1,0,0,filler,minimal,0,-0.7240459456231192
11787,1,0,0,filler,minimal,0,-0.7548155466440796
21811,0,0,0,filler,minimal,0,-0.75756376982365
24791,7,0,0,filler,minimal,0,-0.8202079026552843
28456,0,0,0,filler,minimal,0,-0.6707888565427531
29926,7,0,0,filler,minimal,0,-0.8862880852501425
31276,0,0,1,filler,minimal,0,-0.25138258633547406
32428,0,0,0,filler,minimal,0,-0.7417546262767419
34856,0,0,0,filler,minimal,0,-0.6945924862255906
36762,0,0,0,filler,minimal,0,-0.8709025398987291
42850,0,0,0,filler,minimal,0,-0.7095676609782843
44724,0,0,0,filler,minimal,0,-0.8908508155138414
51262,3,0,0,filler,minimal,0,-0.8620120690978165
58797,0,0,0,filler,minimal,0,-0.7785076564792489
63755,0,0,0,filler,minimal,0,-0.6687873594204072
65117,0,0,0,filler,minimal,0,-0.7875778251309703
65226,0,0,0,filler,minimal,0,-0.760320228775724
67117,0,0,0,filler,minimal,0,-0.7058708615579734
68340,0,0,0,filler,minimal,0,-0.6467349135809051
74163,0,0,0,filler,minimal,0,-0.7484159764855562
77329,1,0,0,filler,minimal,0,-0.7101949218428436
79640,5,0,0,filler,minimal,0,-0.6852414674383694
80390,0,0,0,filler,minimal,0,-0.8396941043652378
82569,1,0,0,filler,minimal,0,-0.8403131266686348
125974,9,0,0,filler,minimal,0,-0.8077370518423562
127009,0,0,0,filler,minimal,0,-0.794310588591723
133121,3,0,0,filler,minimal,0,-0.8100917648686145
134852,0,0,0,filler,minimal,0,-0.6451277523874482
135441,0,0,0,filler,minimal,0,-0.6065215707692698
138363,2,0,1,filler,minimal,0,-0.7135740835628307
140552,0,0,0,filler,minimal,0,-0.8047940465848077
147422,0,0,0,filler,minimal,0,-0.7837194433704902
303,2,0,0,filler,noise_aware,0,-0.8014066521853129
2331,1,0,0,filler,noise_aware,0,-0.6661576788247564
6278,1,0,0,filler,noise_aware,0,-0.7240459456231192
11787,1,0,0,filler,noise_aware,0,-0.7554015167720649
21811,0,0,0,filler,noise_aware,0,-0.7601198527276192
24791,7,0,0,filler,noise_aware,0,-0.8202079026552843
28456,0,0,0,filler,noise_aware,0,-0.6719036969259738
29926,7,0,0,filler,noise_aware,0,-0.8893939315097621
31276,0,0,1,filler,noise_aware,0,-0.256822385472263
32428,0,0,0,filler,noise_aware,0,-0.7417546262767419
34856,0,0,0,filler,noise_aware,0,-0.6945924862255906
36762,0,0,0,filler,noise_aware,0,-0.8725257880869179
42850,0,0,0,filler,noise_aware,0,-0.6846976558577502
44724,0,0,0,filler,noise_aware,0,-0.8908760137847744
51262,3,0,0,filler,noise_aware,0,-0.8591006350906304
58797,0,0,0,filler,noise_aware,0,-0.7785076564792489
63755,0,0,0,filler,noise_aware,0,-0.6687873594204072
65117,0,0,0,filler,noise_aware,0,-0.7875778251309703
65226,0,0,0,filler,noise_aware,0,-0.7626841328222117
67117,0,0,0,filler,noise_aware,0,-0.7076164051370715
68340,0,0,0,filler,noise_aware,0,-0.6467349135809051
74163,0,0,0,filler,noise_aware,0,-0.7368844147274469
77329,1,0,0,filler,noise_aware,0,-0.7115337877188604
79640,5,0,0,filler,noise_aware,0,-0.6852414674383694
80390,0,0,0,filler,noise_aware,0,-0.8396847073698183
82569,1,0,0,filler,noise_aware,0,-0.8403131266686348
125974,9,0,0,filler,noise_aware,0,-0.8009709207259168
127009,0,0,0,filler,noise_aware,0,-0.794310588591723
133121,3,0,0,filler,noise_aware,0,-0.8100917648686145
134852,0,0,0,filler,noise_aware,0,-0.6474621796425388
135441,0,0,0,filler,noise_aware,0,-0.6021723753543471
138363,2,0,1,filler,noise_aware,0,-0.7135740835628307
140552,0,0,0,filler,noise_aware,0,-0.8026976215826713
147422,0,0,0,filler,noise_aware,0,-0.7823021373673081
303,2,0,0,filler,aggressive,0,-0.8425675572359604
2331,1,0,0,filler,aggressive,0,-0.8249296349821801
6278,1,0,0,filler,aggressive,0,-0.821062492817233
11787,1,0,0,filler,aggressive,0,-0.8491517080389789
21811,0,0,0,filler,aggressive,0,-0.838870684876885
24791,7,0,0,filler,aggressive,0,-0.8101088391760656
28456,0,0,0,filler,aggressive,0,-0.811042660737634
29926,7,0,0,filler,aggressive,0,-0.9006010426508282
31276,0,0,1,filler,aggressive,0,-0.5151268827797688
32428,0,0,0,filler,aggressive,0,-0.8920916477275987
34856,0,0,0,filler,aggressive,0,-0.8306496461424905
36762,0,0,0,filler,aggressive,0,-0.8033972695380444
42850,0,0,0,filler,aggressive,0,-0.7434840070485972
44724,0,0,0,filler,aggressive,0,-0.865863412042962
51262,3,0,0,filler,aggressive,0,-0.9300297401786444
58797,0,0,0,filler,aggressive,0,-0.8129857598037016
63755,0,0,0,filler,aggressive,0,-0.8515349604618607
65117,0,0,0,filler,aggressive,0,-0.7258027189385243
65226,0,0,0,filler,aggressive,0,-0.8294927541008545
67117,0,0,0,filler,aggressive,0,-0.8902792193717384
68340,0,0,0,filler,aggressive,0,-0.8427314667502187
74163,0,0,0,filler,aggressive,0,-0.7873838063579359
77329,1,0,0,filler,aggressive,0,-0.7305492268016727
79640,5,0,0,filler,aggressive,0,-0.7471236162093784
80390,0,0,0,filler,aggressive,0,-0.7804353555931962
82569,1,0,0,filler,aggressive,0,-0.8174847100193481
125974,9,0,0,filler,aggressive,0,-0.8160282979841692
127009,0,0,0,filler,aggressive,0,-0.8019090003632137
133121,3,0,0,filler,aggressive,0,-0.8508979307963266
134852,0,0,0,filler,aggressive,0,-0.6400067316522835
135441,0,0,0,filler,aggressive,0,-0.6913671494548794
138363,2,0,1,filler,aggressive,0,-0.8163285552720005
140552,0,0,0,filler,aggressive,0,-0.8114944356104425
147422,0,0,0,filler,aggressive,0,-0.7746735848015646
303,2,0,0,mixed,none,0,-0.8187228782908432
2331,1,0,0,mixed,none,0,-0.6438631275637043
6278,1,0,0,mixed,none,0,-0.7247585012492793
11787,1,0,0,mixed,none,0,-0.7559945594551848
21811,0,0,0,mixed,none,0,-0.7329175542131602
24791,7,0,0,mixed,none,0,-0.8202079026552843
28456,0,0,0,mixed,none,0,-0.7201270420913586
29926,7,0,0,mixed,none,0,-0.8619918688892166
31276,0,0,1,mixed,none,0,-0.30625215538058265
32428,0,0,0,mixed,none,0,-0.7417546262767419
34856,0,0,0,mixed,none,0,-0.6919504202667386
36762,0,0,0,mixed,none,0,-0.8522258115567984
42850,0,0,0,mixed,none,0,-0.6547824688928691
44724,0,0,0,mixed,none,0,-0.8863417301879122
51262,3,0,0,mixed,none,0,-0.8753521843263362
58797,0,0,0,mixed,none,0,-0.7833318346439849
63755,0,0,0,mixed,none,0,-0.6618716204848254
65117,0,0,0,mixed,none,0,-0.7628366854281815
65226,0,0,0,mixed,none,0,-0.7195199388858269
67117,0,0,0,mixed,none,0,-0.7076340360054953
68340,0,0,0,mixed,none,0,-0.6630274888901274
74163,0,0,0,mixed,none,0,-0.7042354414372145
77329,1,0,0,mixed,none,0,-0.6751024736284031
79640,5,0,0,mixed,none,0,-0.7396867158940305
80390,0,0,0,mixed,none,0,-0.8410049194286323
82569,1,0,0,mixed,none,0,-0.8978238292970826
125974,9,0,0,mixed,none,0,-0.8097313195891026
127009,0,0,0,mixed,none,0,-0.7877547476545337
133121,3,0,0,mixed,none,0,-0.8195534360747556
134852,0,0,0,mixed,none,0,-0.6095202861137619
135441,0,0,0,mixed,none,0,-0.6303243916919165
138363,2,0,1,mixed,none,0,-0.7373619774066847
140552,0,0,0,mixed,none,0,-0.7976688468391385
147422,0,0,0,mixed,none,0,-0.7893627512347325
303,2,0,0,mixed,minimal,0,-0.8187228782908432
2331,1,0,0,mixed,minimal,0,-0.6438631275637043
6278,1,0,0,mixed,minimal,0,-0.7247585012492793
11787,1,0,0,mixed,minimal,0,-0.7559945594551848
21811,0,0,0,mixed,minimal,0,-0.7329175542131602
24791,7,0,0,mixed,minimal,0,-0.8202079026552843
28456,0,0,0,mixed,minimal,0,-0.7201270420913586
29926,7,0,0,mixed,minimal,0,-0.8619918688892166
31276,0,0,1,mixed,minimal,0,-0.30625215538058265
32428,0,0,0,mixed,minimal,0,-0.7417546262767419
34856,0,0,0,mixed,minimal,0,-0.6919504202667386
36762,0,0,0,mixed,minimal,0,-0.8522258115567984
42850,0,0,0,mixed,minimal,0,-0.6547824688928691
44724,0,0,0,mixed,minimal,0,-0.8863417301879122
51262,3,0,0,mixed,minimal,0,-0.8753521843263362
58797,0,0,0,mixed,minimal,0,-0.7833318346439849
63755,0,0,0,mixed,minimal,0,-0.6618716204848254
65117,0,0,0,mixed,minimal,0,-0.7628366854281815
65226,0,0,0,mixed,minimal,0,-0.7195199388858269
67117,0,0,0,mixed,minimal,0,-0.7076340360054953
68340,0,0,0,mixed,minimal,0,-0.6630274888901274
74163,0,0,0,mixed,minimal,0,-0.7042354414372145
77329,1,0,0,mixed,minimal,0,-0.6751024736284031
79640,5,0,0,mixed,minimal,0,-0.7396867158940305
80390,0,0,0,mixed,minimal,0,-0.8410049194286323
82569,1,0,0,mixed,minimal,0,-0.8978238292970826
125974,9,0,0,mixed,minimal,0,-0.8097313195891026
127009,0,0,0,mixed,minimal,0,-0.7877547476545337
133121,3,0,0,mixed,minimal,0,-0.8195534360747556
134852,0,0,0,mixed,minimal,0,-0.6095202861137619
135441,0,0,0,mixed,minimal,0,-0.6303243916919165
138363,2,0,1,mixed,minimal,0,-0.7373619774066847
140552,0,0,0,mixed,minimal,0,-0.7976688468391385
147422,0,0,0,mixed,minimal,0,-0.7893627512347325
303,2,0,0,mixed,noise_aware,0,-0.8187228782908432
2331,1,0,0,mixed,noise_aware,0,-0.6438631275637043
6278,1,0,0,mixed,noise_aware,0,-0.7297619547122511
11787,1,0,0,mixed,noise_aware,0,-0.7559945594551848
21811,0,0,0,mixed,noise_aware,0,-0.7329175542131602
24791,7,0,0,mixed,noise_aware,0,-0.8202079026552843
28456,0,0,0,mixed,noise_aware,0,-0.7229441094453304
29926,7,0,0,mixed,noise_aware,0,-0.8648302240546816
31276,0,0,1,mixed,noise_aware,0,-0.30983053763210905
32428,0,0,0,mixed,noise_aware,0,-0.7417546262767419
34856,0,0,0,mixed,noise_aware,0,-0.6919504202667386
36762,0,0,0,mixed,noise_aware,0,-0.8522258115567984
42850,0,0,0,mixed,noise_aware,0,-0.656555007693292
44724,0,0,0,mixed,noise_aware,0,-0.8863300103784004
51262,3,0,0,mixed,noise_aware,0,-0.8753521843263362
58797,0,0,0,mixed,noise_aware,0,-0.7833318346439849
63755,0,0,0,mixed,noise_aware,0,-0.6548868529674287
65117,0,0,0,mixed,noise_aware,0,-0.7628366854281815
65226,0,0,0,mixed,noise_aware,0,-0.7195199388858269
67117,0,0,0,mixed,noise_aware,0,-0.7071450120842523
68340,0,0,0,mixed,noise_aware,0,-0.6668031359414249
74163,0,0,0,mixed,noise_aware,0,-0.7052875860517718
77329,1,0,0,mixed,noise_aware,0,-0.6635852323686002
79640,5,0,0,mixed,noise_aware,0,-0.7396867158940305
80390,0,0,0,mixed,noise_aware,0,-0.8394793852555767
82569,1,0,0,mixed,noise_aware,0,-0.8978238292970826
125974,9,0,0,mixed,noise_aware,0,-0.8059979359620214
127009,0,0,0,mixed,noise_aware,0,-0.7877547476545337
133121,3,0,0,mixed,noise_aware,0,-0.8210311987955546
134852,0,0,0,mixed,noise_aware,0,-0.6095202861137619
135441,0,0,0,mixed,noise_aware,0,-0.6332994031236797
138363,2,0,1,mixed,noise_aware,0,-0.7373619774066847
140552,0,0,0,mixed,noise_aware,0,-0.7942439479077184
147422,0,0,0,mixed,noise_aware,0,-0.7892827455209885
303,2,0,0,mixed,aggressive,0,-0.8351649285605084
2331,1,0,0,mixed,aggressive,0,-0.7928882722437076
6278,1,0,0,mixed,aggressive,0,-0.8249765897209606
11787,1,0,0,mixed,aggressive,0,-0.8411886505861559
21811,0,0,0,mixed,aggressive,0,-0.8244597677173872
24791,7,0,0,mixed,aggressive,0,-0.8101088391760656
28456,0,0,0,mixed,aggressive,0,-0.8399971442520118
29926,7,0,0,mixed,aggressive,0,-0.9006561189824378
31276,0,0,1,mixed,aggressive,0,-0.530795969902482
32428,0,0,0,mixed,aggressive,0,-0.8920916477275987
34856,0,0,0,mixed,aggressive,0,-0.7985241730709665
36762,0,0,0,mixed,aggressive,0,-0.7815736774975248
42850,0,0,0,mixed,aggressive,0,-0.722330611319219
44724,0,0,0,mixed,aggressive,0,-0.8651371209859717
51262,3,0,0,mixed,aggressive,0,-0.9327291122863319
58797,0,0,0,mixed,aggressive,0,-0.8012792079400763
63755,0,0,0,mixed,aggressive,0,-0.849139446023807
65117,0,0,0,mixed,aggressive,0,-0.7044340137482917
65226,0,0,0,mixed,aggressive,0,-0.798462677614929
67117,0,0,0,mixed,aggressive,0,-0.8846353754103856
68340,0,0,0,mixed,aggressive,0,-0.8486269054344412
74163,0,0,0,mixed,aggressive,0,-0.773026143371313
77329,1,0,0,mixed,aggressive,0,-0.7168528868828234
79640,5,0,0,mixed,aggressive,0,-0.7703424533422064
80390,0,0,0,mixed,aggressive,0,-0.7779619745741047
82569,1,0,0,mixed,aggressive,0,-0.8428567383873475
125974,9,0,0,mixed,aggressive,0,-0.8322892883672661
127009,0,0,0,mixed,aggressive,0,-0.7706967757786106
133121,3,0,0,mixed,aggressive,0,-0.8335909417552496
134852,0,0,0,mixed,aggressive,0,-0.6044865260291568
135441,0,0,0,mixed,aggressive,0,-0.6755080595591785
138363,2,0,1,mixed,aggressive,0,-0.817675169185935
140552,0,0,0,mixed,aggressive,0,-0.8180960474546464
147422,0,0,0,mixed,aggressive,0,-0.7985723460350117
130,1,1,0,clean,none,0,-0.714874887827423
817,0,1,0,clean,none,0,-0.7845348747351244
6366,0,1,0,clean,none,0,-0.8987684043561353
13420,0,1,0,clean,none,0,-0.8394539351839869
15087,7,1,0,clean,none,0,-0.8250864808590259
20959,0,1,0,clean,none,0,-0.8870595971962981
30245,1,1,0,clean,none,0,-0.7522680380911967
35059,10,1,0,clean,none,0,-0.6722654596622378
55266,0,1,0,clean,none,0,-0.8608960176206076
57983,2,1,0,clean,none,0,-0.7052757136561618
58105,0,1,1,clean,none,0,-0.6804510237682841
62209,0,1,0,clean,none,0,-0.8968851138519363
62267,0,1,0,clean,none,0,-0.6972492198059359
67474,0,1,0,clean,none,0,-0.8821682897798746
79927,1,1,0,clean,none,0,-0.5541360293781009
84949,0,1,0,clean,none,0,-0.7639459407154562
90482,1,1,0,clean,none,0,-0.8547577547148353
91544,0,1,0,clean,none,0,-0.9145466278362697
91587,0,1,0,clean,none,0,-0.7987233485461225
93984,3,1,0,clean,none,0,-0.9030180278027142
94803,0,1,0,clean,none,0,-0.7656856683792714
98754,0,1,0,clean,none,0,-0.6751812789127918
108373,0,1,0,clean,none,0,-0.7670136796467073
108526,0,1,0,clean,none,0,-0.7655823036224362
111085,0,1,0,clean,none,0,-0.8722019611592595
111451,1,1,0,clean,none,0,-0.8470903936208588
112702,3,1,0,clean,none,0,-0.7956507649519643
118696,2,1,0,clean,none,0,-0.6980160285827793
122184,3,1,0,clean,none,0,-0.8338332031467202
131049,0,1,0,clean,none,0,-0.8120210042850579
135823,0,1,1,clean,none,0,-0.5120943830799652
145177,8,1,0,clean,none,0,-0.8220405725929072
149592,0,1,0,clean,none,0,-0.8141112842516682
130,1,1,0,clean,minimal,0,-0.714874887827423
817,0,1,0,clean,minimal,0,-0.7845348747351244
6366,0,1,0,clean,minimal,0,-0.8987684043561353
13420,0,1,0,clean,minimal,0,-0.8394539351839869
15087,7,1,0,clean,minimal,0,-0.8250864808590259
20959,0,1,0,clean,minimal,0,-0.8870595971962981
30245,1,1,0,clean,minimal,0,-0.7522680380911967
35059,10,1,0,clean,minimal,0,-0.6722654596622378
55266,0,1,0,clean,minimal,0,-0.8608960176206076
57983,2,1,0,clean,minimal,0,-0.7052757136561618
58105,0,1,1,clean,minimal,0,-0.6804510237682841
62209,0,1,0,clean,minimal,0,-0.8968851138519363
62267,0,1,0,clean,minimal,0,-0.6972492198059359
67474,0,1,0,clean,minimal,0,-0.8821682897798746
79927,1,1,0,clean,minimal,0,-0.5541360293781009
84949,0,1,0,clean,minimal,0,-0.7639459407154562
90482,1,1,0,clean,minimal,0,-0.8547577547148353
91544,0,1,0,clean,minimal,0,-0.9145466278362697
91587,0,1,0,clean,minimal,0,-0.7987233485461225
93984,3,1,0,clean,minimal,0,-0.9030180278027142
94803,0,1,0,clean,minimal,0,-0.7656856683792714
98754,0,1,0,clean,minimal,0,-0.6751812789127918
108373,0,1,0,clean,minimal,0,-0.7670136796467073
108526,0,1,0,clean,minimal,0,-0.7655823036224362
111085,0,1,0,clean,minimal,0,-0.8722019611592595
111451,1,1,0,clean,minimal,0,-0.8470903936208588
112702,3,1,0,clean,minimal,0,-0.7956507649519643
118696,2,1,0,clean,minimal,0,-0.6980160285827793
122184,3,1,0,clean,minimal,0,-0.8338332031467202
131049,0,1,0,clean,minimal,0,-0.8120210042850579
135823,0,1,1,clean,minimal,0,-0.5120943830799652
145177,8,1,0,clean,minimal,0,-0.8220405725929072
149592,0,1,0,clean,minimal,0,-0.8141112842516682
130,1,1,0,clean,noise_aware,0,-0.714874887827423
817,0,1,0,clean,noise_aware,0,-0.7845348747351244
6366,0,1,0,clean,noise_aware,0,-0.8987684043561353
13420,0,1,0,clean,noise_aware,0,-0.8394539351839869
15087,7,1,0,clean,noise_aware,0,-0.8250864808590259
20959,0,1,0,clean,noise_aware,0,-0.8870595971962981
30245,1,1,0,clean,noise_aware,0,-0.7522680380911967
35059,10,1,0,clean,noise_aware,0,-0.6722654596622378
55266,0,1,0,clean,noise_aware,0,-0.8608960176206076
57983,2,1,0,clean,noise_aware,0,-0.7052757136561618
58105,0,1,1,clean,noise_aware,0,-0.6804510237682841
62209,0,1,0,clean,noise_aware,0,-0.8968851138519363
62267,0,1,0,clean,noise_aware,0,-0.6972492198059359
67474,0,1,0,clean,noise_aware,0,-0.8821682897798746
79927,1,1,0,clean,noise_aware,0,-0.5541360293781009
84949,0,1,0,clean,noise_aware,0,-0.7639459407154562
90482,1,1,0,clean,noise_aware,0,-0.8547577547148353
91544,0,1,0,clean,noise_aware,0,-0.9145466278362697
91587,0,1,0,clean,noise_aware,0,-0.7987233485461225
93984,3,1,0,clean,noise_aware,0,-0.9030180278027142
94803,0,1,0,clean,noise_aware,0,-0.7656856683792714
98754,0,1,0,clean,noise_aware,0,-0.6751812789127918
108373,0,1,0,clean,noise_aware,0,-0.7670136796467073
108526,0,1,0,clean,noise_aware,0,-0.7655823036224362
111085,0,1,0,clean,noise_aware,0,-0.8722019611592595
111451,1,1,0,clean,noise_aware,0,-0.8470903936208588
112702,3,1,0,clean,noise_aware,0,-0.7956507649519643
118696,2,1,0,clean,noise_aware,0,-0.6980160285827793
122184,3,1,0,clean,noise_aware,0,-0.8338332031467202
131049,0,1,0,clean,noise_aware,0,-0.8120210042850579
135823,0,1,1,clean,noise_aware,0,-0.5120943830799652
145177,8,1,0,clean,noise_aware,0,-0.8220405725929072
149592,0,1,0,clean,noise_aware,0,-0.8141112842516682
130,1,1,0,clean,aggressive,0,-0.8079871308047937
817,0,1,0,clean,aggressive,0,-0.8157121463123798
6366,0,1,0,clean,aggressive,0,-0.8721774190113903
13420,0,1,0,clean,aggressive,0,-0.7844821124623241
15087,7,1,0,clean,aggressive,0,-0.8795124690979312
20959,0,1,0,clean,aggressive,0,-0.8930339911899438
30245,1,1,0,clean,aggressive,0,-0.797956269605481
35059,10,1,0,clean,aggressive,0,-0.7486222784181646
55266,0,1,0,clean,aggressive,0,-0.9499532913413966
57983,2,1,0,clean,aggressive,0,-0.7869153866130676
58105,0,1,1,clean,aggressive,0,-0.70609781255101
62209,0,1,0,clean,aggressive,0,-0.9056592727001465
62267,0,1,0,clean,aggressive,0,-0.8435708428103206
67474,0,1,0,clean,aggressive,0,-0.8976791718436287
79927,1,1,0,clean,aggressive,0,-0.7314852079526453
84949,0,1,0,clean,aggressive,0,-0.7802077272340634
90482,1,1,0,clean,aggressive,0,-0.8464912996888692
91544,0,1,0,clean,aggressive,0,-0.8985221938286827
91587,0,1,0,clean,aggressive,0,-0.7837256905757447
93984,3,1,0,clean,aggressive,0,-0.8338568179569718
94803,0,1,0,clean,aggressive,0,-0.814741195203837
98754,0,1,0,clean,aggressive,0,-0.7810846660516313
108373,0,1,0,clean,aggressive,0,-0.7822407293539738
108526,0,1,0,clean,aggressive,0,-0.7964225585993722
111085,0,1,0,clean,aggressive,0,-0.8734720219012025
111451,1,1,0,clean,aggressive,0,-0.9080849030012663
112702,3,1,0,clean,aggressive,0,-0.856978571502191
118696,2,1,0,clean,aggressive,0,-0.8047383535191224
122184,3,1,0,clean,aggressive,0,-0.8601944613379708
131049,0,1,0,clean,aggressive,0,-0.8207031061474719
135823,0,1,1,clean,aggressive,0,-0.7706902993021968
145177,8,1,0,clean,aggressive,0,-0.8305322913459654
149592,0,1,0,clean,aggressive,0,-0.8538568447534425
130,1,1,0,casing,none,0,-0.714874887827423
817,0,1,0,casing,none,0,-0.7845348747351244
6366,0,1,0,casing,none,0,-0.8987684043561353
13420,0,1,0,casing,none,0,-0.8394539351839869
15087,7,1,0,casing,none,0,-0.8250864808590259
20959,0,1,0,casing,none,0,-0.8870595971962981
30245,1,1,0,casing,none,0,-0.7522680380911967
35059,10,1,0,casing,none,0,-0.6722654596622378
55266,0,1,0,casing,none,0,-0.8608960176206076
57983,2,1,0,casing,none,0,-0.7052757136561618
58105,0,1,1,casing,none,0,-0.6804510237682841
62209,0,1,0,casing,none,0,-0.8968851138519363
62267,0,1,0,casing,none,0,-0.6972492198059359
67474,0,1,0,casing,none,0,-0.8821682897798746
79927,1,1,0,casing,none,0,-0.5541360293781009
84949,0,1,0,casing,none,0,-0.7639459407154562
90482,1,1,0,casing,none,0,-0.8547577547148353
91544,0,1,0,casing,none,0,-0.9145466278362697
91587,0,1,0,casing,none,0,-0.7987233485461225
93984,3,1,0,casing,none,0,-0.9030180278027142
94803,0,1,0,casing,none,0,-0.7656856683792714
98754,0,1,0,casing,none,0,-0.6751812789127918
108373,0,1,0,casing,none,0,-0.7670136796467073
108526,0,1,0,casing,none,0,-0.7655823036224362
111085,0,1,0,casing,none,0,-0.8722019611592595
111451,1,1,0,casing,none,0,-0.8470903936208588
112702,3,1,0,casing,none,0,-0.7956507649519643
118696,2,1,0,casing,none,0,-0.6980160285827793
122184,3,1,0,casing,none,0,-0.8338332031467202
131049,0,1,0,casing,none,0,-0.8120210042850579
135823,0,1,1,casing,none,0,-0.5120943830799652
145177,8,1,0,casing,none,0,-0.8220405725929072
149592,0,1,0,casing,none,0,-0.8141112842516682
130,1,1,0,casing,minimal,0,-0.714874887827423
817,0,1,0,casing,minimal,0,-0.7845348747351244
6366,0,1,0,casing,minimal,0,-0.8987684043561353
13420,0,1,0,casing,minimal,0,-0.8394539351839869
15087,7,1,0,casing,minimal,0,-0.8250864808590259
20959,0,1,0,casing,minimal,0,-0.8870595971962981
30245,1,1,0,casing,minimal,0,-0.7522680380911967
35059,10,1,0,casing,minimal,0,-0.6722654596622378
55266,0,1,0,casing,minimal,0,-0.8608960176206076
57983,2,1,0,casing,minimal,0,-0.7052757136561618
58105,0,1,1,casing,minimal,0,-0.6804510237682841
62209,0,1,0,casing,minimal,0,-0.8968851138519363
62267,0,1,0,casing,minimal,0,-0.6972492198059359
67474,0,1,0,casing,minimal,0,-0.8821682897798746
79927,1,1,0,casing,minimal,0,-0.5541360293781009
84949,0,1,0,casing,minimal,0,-0.7639459407154562
90482,1,1,0,casing,minimal,0,-0.8547577547148353
91544,0,1,0,casing,minimal,0,-0.9145466278362697
91587,0,1,0,casing,minimal,0,-0.7987233485461225
93984,3,1,0,casing,minimal,0,-0.9030180278027142
94803,0,1,0,casing,minimal,0,-0.7656856683792714
98754,0,1,0,casing,minimal,0,-0.6751812789127918
108373,0,1,0,casing,minimal,0,-0.7670136796467073
108526,0,1,0,casing,minimal,0,-0.7655823036224362
111085,0,1,0,casing,minimal,0,-0.8722019611592595
111451,1,1,0,casing,minimal,0,-0.8470903936208588
112702,3,1,0,casing,minimal,0,-0.7956507649519643
118696,2,1,0,casing,minimal,0,-0.6980160285827793
122184,3,1,0,casing,minimal,0,-0.8338332031467202
131049,0,1,0,casing,minimal,0,-0.8120210042850579
135823,0,1,1,casing,minimal,0,-0.5120943830799652
145177,8,1,0,casing,minimal,0,-0.8220405725929072
149592,0,1,0,casing,minimal,0,-0.8141112842516682
130,1,1,0,casing,noise_aware,0,-0.714874887827423
817,0,1,0,casing,noise_aware,0,-0.7845348747351244
6366,0,1,0,casing,noise_aware,0,-0.8987684043561353
13420,0,1,0,casing,noise_aware,0,-0.8394539351839869
15087,7,1,0,casing,noise_aware,0,-0.8250864808590259
20959,0,1,0,casing,noise_aware,0,-0.8870595971962981
30245,1,1,0,casing,noise_aware,0,-0.7522680380911967
35059,10,1,0,casing,noise_aware,0,-0.6722654596622378
55266,0,1,0,casing,noise_aware,0,-0.8608960176206076
57983,2,1,0,casing,noise_aware,0,-0.7052757136561618
58105,0,1,1,casing,noise_aware,0,-0.6804510237682841
62209,0,1,0,casing,noise_aware,0,-0.8968851138519363
62267,0,1,0,casing,noise_aware,0,-0.6972492198059359
67474,0,1,0,casing,noise_aware,0,-0.8821682897798746
79927,1,1,0,casing,noise_aware,0,-0.5541360293781009
84949,0,1,0,casing,noise_aware,0,-0.7639459407154562
90482,1,1,0,casing,noise_aware,0,-0.8547577547148353
91544,0,1,0,casing,noise_aware,0,-0.9145466278362697
91587,0,1,0,casing,noise_aware,0,-0.7987233485461225
93984,3,1,0,casing,noise_aware,0,-0.9030180278027142
94803,0,1,0,casing,noise_aware,0,-0.7656856683792714
98754,0,1,0,casing,noise_aware,0,-0.6751812789127918
108373,0,1,0,casing,noise_aware,0,-0.7670136796467073
108526,0,1,0,casing,noise_aware,0,-0.7655823036224362
111085,0,1,0,casing,noise_aware,0,-0.8722019611592595
111451,1,1,0,casing,noise_aware,0,-0.8470903936208588
112702,3,1,0,casing,noise_aware,0,-0.7956507649519643
118696,2,1,0,casing,noise_aware,0,-0.6980160285827793
122184,3,1,0,casing,noise_aware,0,-0.8338332031467202
131049,0,1,0,casing,noise_aware,0,-0.8120210042850579
135823,0,1,1,casing,noise_aware,0,-0.5120943830799652
145177,8,1,0,casing,noise_aware,0,-0.8220405725929072
149592,0,1,0,casing,noise_aware,0,-0.8141112842516682
130,1,1,0,casing,aggressive,0,-0.8079871308047937
817,0,1,0,casing,aggressive,0,-0.8157121463123798
6366,0,1,0,casing,aggressive,0,-0.8721774190113903
13420,0,1,0,casing,aggressive,0,-0.7844821124623241
15087,7,1,0,casing,aggressive,0,-0.8795124690979312
20959,0,1,0,casing,aggressive,0,-0.8930339911899438
30245,1,1,0,casing,aggressive,0,-0.797956269605481
35059,10,1,0,casing,aggressive,0,-0.7486222784181646
55266,0,1,0,casing,aggressive,0,-0.9499532913413966
57983,2,1,0,casing,aggressive,0,-0.7869153866130676
58105,0,1,1,casing,aggressive,0,-0.70609781255101
62209,0,1,0,casing,aggressive,0,-0.9056592727001465
62267,0,1,0,casing,aggressive,0,-0.8435708428103206
67474,0,1,0,casing,aggressive,0,-0.8976791718436287
79927,1,1,0,casing,aggressive,0,-0.7314852079526453
84949,0,1,0,casing,aggressive,0,-0.7802077272340634
90482,1,1,0,casing,aggressive,0,-0.8464912996888692
91544,0,1,0,casing,aggressive,0,-0.8985221938286827
91587,0,1,0,casing,aggressive,0,-0.7837256905757447
93984,3,1,0,casing,aggressive,0,-0.8338568179569718
94803,0,1,0,casing,aggressive,0,-0.814741195203837
98754,0,1,0,casing,aggressive,0,-0.7810846660516313
108373,0,1,0,casing,aggressive,0,-0.7822407293539738
108526,0,1,0,casing,aggressive,0,-0.7964225585993722
111085,0,1,0,casing,aggressive,0,-0.8734720219012025
111451,1,1,0,casing,aggressive,0,-0.9080849030012663
112702,3,1,0,casing,aggressive,0,-0.856978571502191
118696,2,1,0,casing,aggressive,0,-0.8047383535191224
122184,3,1,0,casing,aggressive,0,-0.8601944613379708
131049,0,1,0,casing,aggressive,0,-0.8207031061474719
135823,0,1,1,casing,aggressive,0,-0.7706902993021968
145177,8,1,0,casing,aggressive,0,-0.8305322913459654
149592,0,1,0,casing,aggressive,0,-0.8538568447534425
130,1,1,0,punctuation,none,0,-0.714874887827423
817,0,1,0,punctuation,none,0,-0.7845348747351244
6366,0,1,0,punctuation,none,0,-0.8987684043561353
13420,0,1,0,punctuation,none,0,-0.8394539351839869
15087,7,1,0,punctuation,none,0,-0.8250864808590259
20959,0,1,0,punctuation,none,0,-0.8870595971962981
30245,1,1,0,punctuation,none,0,-0.7522680380911967
35059,10,1,0,punctuation,none,0,-0.6722654596622378
55266,0,1,0,punctuation,none,0,-0.8608960176206076
57983,2,1,0,punctuation,none,0,-0.7052757136561618
58105,0,1,1,punctuation,none,0,-0.6804510237682841
62209,0,1,0,punctuation,none,0,-0.8968851138519363
62267,0,1,0,punctuation,none,0,-0.6972492198059359
67474,0,1,0,punctuation,none,0,-0.8821682897798746
79927,1,1,0,punctuation,none,0,-0.5541360293781009
84949,0,1,0,punctuation,none,0,-0.7639459407154562
90482,1,1,0,punctuation,none,0,-0.8547577547148353
91544,0,1,0,punctuation,none,0,-0.9145466278362697
91587,0,1,0,punctuation,none,0,-0.7987233485461225
93984,3,1,0,punctuation,none,0,-0.9030180278027142
94803,0,1,0,punctuation,none,0,-0.7656856683792714
98754,0,1,0,punctuation,none,0,-0.6751812789127918
108373,0,1,0,punctuation,none,0,-0.7670136796467073
108526,0,1,0,punctuation,none,0,-0.7655823036224362
111085,0,1,0,punctuation,none,0,-0.8722019611592595
111451,1,1,0,punctuation,none,0,-0.8470903936208588
112702,3,1,0,punctuation,none,0,-0.7956507649519643
118696,2,1,0,punctuation,none,0,-0.6980160285827793
122184,3,1,0,punctuation,none,0,-0.8338332031467202
131049,0,1,0,punctuation,none,0,-0.8120210042850579
135823,0,1,1,punctuation,none,0,-0.5120943830799652
145177,8,1,0,punctuation,none,0,-0.8220405725929072
149592,0,1,0,punctuation,none,0,-0.8141112842516682
130,1,1,0,punctuation,minimal,0,-0.714874887827423
817,0,1,0,punctuation,minimal,0,-0.7845348747351244
6366,0,1,0,punctuation,minimal,0,-0.8987684043561353
13420,0,1,0,punctuation,minimal,0,-0.8394539351839869
15087,7,1,0,punctuation,minimal,0,-0.8250864808590259
20959,0,1,0,punctuation,minimal,0,-0.8870595971962981
30245,1,1,0,punctuation,minimal,0,-0.7522680380911967
35059,10,1,0,punctuation,minimal,0,-0.6722654596622378
55266,0,1,0,punctuation,minimal,0,-0.8608960176206076
57983,2,1,0,punctuation,minimal,0,-0.7052757136561618
58105,0,1,1,punctuation,minimal,0,-0.6804510237682841
62209,0,1,0,punctuation,minimal,0,-0.8968851138519363
62267,0,1,0,punctuation,minimal,0,-0.6972492198059359
67474,0,1,0,punctuation,minimal,0,-0.8821682897798746
79927,1,1,0,punctuation,minimal,0,-0.5541360293781009
84949,0,1,0,punctuation,minimal,0,-0.7639459407154562
90482,1,1,0,punctuation,minimal,0,-0.8547577547148353
91544,0,1,0,punctuation,minimal,0,-0.9145466278362697
91587,0,1,0,punctuation,minimal,0,-0.7987233485461225
93984,3,1,0,punctuation,minimal,0,-0.9030180278027142
94803,0,1,0,punctuation,minimal,0,-0.7656856683792714
98754,0,1,0,punctuation,minimal,0,-0.6751812789127918
108373,0,1,0,punctuation,minimal,0,-0.7670136796467073
108526,0,1,0,punctuation,minimal,0,-0.7655823036224362
111085,0,1,0,punctuation,minimal,0,-0.8722019611592595
111451,1,1,0,punctuation,minimal,0,-0.8470903936208588
112702,3,1,0,punctuation,minimal,0,-0.7956507649519643
118696,2,1,0,punctuation,minimal,0,-0.6980160285827793
122184,3,1,0,punctuation,minimal,0,-0.8338332031467202
131049,0,1,0,punctuation,minimal,0,-0.8120210042850579
135823,0,1,1,punctuation,minimal,0,-0.5120943830799652
145177,8,1,0,punctuation,minimal,0,-0.8220405725929072
149592,0,1,0,punctuation,minimal,0,-0.8141112842516682
130,1,1,0,punctuation,noise_aware,0,-0.714874887827423
817,0,1,0,punctuation,noise_aware,0,-0.7845348747351244
6366,0,1,0,punctuation,noise_aware,0,-0.8987684043561353
13420,0,1,0,punctuation,noise_aware,0,-0.8394539351839869
15087,7,1,0,punctuation,noise_aware,0,-0.8250864808590259
20959,0,1,0,punctuation,noise_aware,0,-0.8870595971962981
30245,1,1,0,punctuation,noise_aware,0,-0.7522680380911967
35059,10,1,0,punctuation,noise_aware,0,-0.6722654596622378
55266,0,1,0,punctuation,noise_aware,0,-0.8608960176206076
57983,2,1,0,punctuation,noise_aware,0,-0.7052757136561618
58105,0,1,1,punctuation,noise_aware,0,-0.6804510237682841
62209,0,1,0,punctuation,noise_aware,0,-0.8968851138519363
62267,0,1,0,punctuation,noise_aware,0,-0.6972492198059359
67474,0,1,0,punctuation,noise_aware,0,-0.8821682897798746
79927,1,1,0,punctuation,noise_aware,0,-0.5541360293781009
84949,0,1,0,punctuation,noise_aware,0,-0.7639459407154562
90482,1,1,0,punctuation,noise_aware,0,-0.8547577547148353
91544,0,1,0,punctuation,noise_aware,0,-0.9145466278362697
91587,0,1,0,punctuation,noise_aware,0,-0.7987233485461225
93984,3,1,0,punctuation,noise_aware,0,-0.9030180278027142
94803,0,1,0,punctuation,noise_aware,0,-0.7656856683792714
98754,0,1,0,punctuation,noise_aware,0,-0.6751812789127918
108373,0,1,0,punctuation,noise_aware,0,-0.7670136796467073
108526,0,1,0,punctuation,noise_aware,0,-0.7655823036224362
111085,0,1,0,punctuation,noise_aware,0,-0.8722019611592595
111451,1,1,0,punctuation,noise_aware,0,-0.8470903936208588
112702,3,1,0,punctuation,noise_aware,0,-0.7956507649519643
118696,2,1,0,punctuation,noise_aware,0,-0.6980160285827793
122184,3,1,0,punctuation,noise_aware,0,-0.8338332031467202
131049,0,1,0,punctuation,noise_aware,0,-0.8120210042850579
135823,0,1,1,punctuation,noise_aware,0,-0.5120943830799652
145177,8,1,0,punctuation,noise_aware,0,-0.8220405725929072
149592,0,1,0,punctuation,noise_aware,0,-0.8141112842516682
130,1,1,0,punctuation,aggressive,0,-0.8079871308047937
817,0,1,0,punctuation,aggressive,0,-0.8157121463123798
6366,0,1,0,punctuation,aggressive,0,-0.8721774190113903
13420,0,1,0,punctuation,aggressive,0,-0.7844821124623241
15087,7,1,0,punctuation,aggressive,0,-0.8795124690979312
20959,0,1,0,punctuation,aggressive,0,-0.8930339911899438
30245,1,1,0,punctuation,aggressive,0,-0.797956269605481
35059,10,1,0,punctuation,aggressive,0,-0.7486222784181646
55266,0,1,0,punctuation,aggressive,0,-0.9499532913413966
57983,2,1,0,punctuation,aggressive,0,-0.7869153866130676
58105,0,1,1,punctuation,aggressive,0,-0.70609781255101
62209,0,1,0,punctuation,aggressive,0,-0.9056592727001465
62267,0,1,0,punctuation,aggressive,0,-0.8435708428103206
67474,0,1,0,punctuation,aggressive,0,-0.8976791718436287
79927,1,1,0,punctuation,aggressive,0,-0.7314852079526453
84949,0,1,0,punctuation,aggressive,0,-0.7802077272340634
90482,1,1,0,punctuation,aggressive,0,-0.8464912996888692
91544,0,1,0,punctuation,aggressive,0,-0.8985221938286827
91587,0,1,0,punctuation,aggressive,0,-0.7837256905757447
93984,3,1,0,punctuation,aggressive,0,-0.8338568179569718
94803,0,1,0,punctuation,aggressive,0,-0.814741195203837
98754,0,1,0,punctuation,aggressive,0,-0.7810846660516313
108373,0,1,0,punctuation,aggressive,0,-0.7822407293539738
108526,0,1,0,punctuation,aggressive,0,-0.7964225585993722
111085,0,1,0,punctuation,aggressive,0,-0.8734720219012025
111451,1,1,0,punctuation,aggressive,0,-0.9080849030012663
112702,3,1,0,punctuation,aggressive,0,-0.856978571502191
118696,2,1,0,punctuation,aggressive,0,-0.8047383535191224
122184,3,1,0,punctuation,aggressive,0,-0.8601944613379708
131049,0,1,0,punctuation,aggressive,0,-0.8207031061474719
135823,0,1,1,punctuation,aggressive,0,-0.7706902993021968
145177,8,1,0,punctuation,aggressive,0,-0.8305322913459654
149592,0,1,0,punctuation,aggressive,0,-0.8538568447534425
130,1,1,0,whitespace,none,0,-0.7018254299907545
817,0,1,0,whitespace,none,0,-0.8126546142640152
6366,0,1,0,whitespace,none,0,-0.9045324747290412
13420,0,1,0,whitespace,none,0,-0.8307306424403468
15087,7,1,0,whitespace,none,0,-0.8076190544981552
20959,0,1,0,whitespace,none,0,-0.8727659586340846
30245,1,1,0,whitespace,none,0,-0.7426222973880237
35059,10,1,0,whitespace,none,0,-0.6789607171958909
55266,0,1,0,whitespace,none,0,-0.8344650885236579
57983,2,1,0,whitespace,none,0,-0.686027924145261
58105,0,1,1,whitespace,none,0,-0.661094111470284
62209,0,1,0,whitespace,none,0,-0.9031933264873666
62267,0,1,0,whitespace,none,0,-0.7295292655808245
67474,0,1,0,whitespace,none,0,-0.8616062351050575
79927,1,1,0,whitespace,none,0,-0.5624557166683095
84949,0,1,0,whitespace,none,0,-0.7766777319715045
90482,1,1,0,whitespace,none,0,-0.8637494073241067
91544,0,1,0,whitespace,none,0,-0.9167317752173957
91587,0,1,0,whitespace,none,0,-0.8069872546106069
93984,3,1,0,whitespace,none,0,-0.8729772270787555
94803,0,1,0,whitespace,none,0,-0.772876361289685
98754,0,1,0,whitespace,none,0,-0.6863700113431328
108373,0,1,0,whitespace,none,0,-0.7737196502485905
108526,0,1,0,whitespace,none,0,-0.7521636002319402
111085,0,1,0,whitespace,none,0,-0.8639235449002304
111451,1,1,0,whitespace,none,0,-0.8224779641672152
112702,3,1,0,whitespace,none,0,-0.7574341381040421
118696,2,1,0,whitespace,none,0,-0.6764548720376355
122184,3,1,0,whitespace,none,0,-0.8287729741727907
131049,0,1,0,whitespace,none,0,-0.7860238437190772
135823,0,1,1,whitespace,none,0,-0.4989935950407255
145177,8,1,0,whitespace,none,0,-0.8299239070913523
149592,0,1,0,whitespace,none,0,-0.8132577852955292
130,1,1,0,whitespace,minimal,0,-0.7018254299907545
817,0,1,0,whitespace,minimal,0,-0.8126546142640152
6366,0,1,0,whitespace,minimal,0,-0.9045324747290412
13420,0,1,0,whitespace,minimal,0,-0.8307306424403468
15087,7,1,0,whitespace,minimal,0,-0.8076190544981552
20959,0,1,0,whitespace,minimal,0,-0.8727659586340846
30245,1,1,0,whitespace,minimal,0,-0.7426222973880237
35059,10,1,0,whitespace,minimal,0,-0.6789607171958909
55266,0,1,0,whitespace,minimal,0,-0.8344650885236579
57983,2,1,0,whitespace,minimal,0,-0.686027924145261
58105,0,1,1,whitespace,minimal,0,-0.661094111470284
62209,0,1,0,whitespace,minimal,0,-0.9031933264873666
62267,0,1,0,whitespace,minimal,0,-0.7295292655808245
67474,0,1,0,whitespace,minimal,0,-0.8616062351050575
79927,1,1,0,whitespace,minimal,0,-0.5624557166683095
84949,0,1,0,whitespace,minimal,0,-0.7766777319715045
90482,1,1,0,whitespace,minimal,0,-0.8637494073241067
91544,0,1,0,whitespace,minimal,0,-0.9167317752173957
91587,0,1,0,whitespace,minimal,0,-0.8069872546106069
93984,3,1,0,whitespace,minimal,0,-0.8729772270787555
94803,0,1,0,whitespace,minimal,0,-0.772876361289685
98754,0,1,0,whitespace,minimal,0,-0.6863700113431328
108373,0,1,0,whitespace,minimal,0,-0.7737196502485905
108526,0,1,0,whitespace,minimal,0,-0.7521636002319402
111085,0,1,0,whitespace,minimal,0,-0.8639235449002304
111451,1,1,0,whitespace,minimal,0,-0.8224779641672152
112702,3,1,0,whitespace,minimal,0,-0.7574341381040421
118696,2,1,0,whitespace,minimal,0,-0.6764548720376355
122184,3,1,0,whitespace,minimal,0,-0.8287729741727907
131049,0,1,0,whitespace,minimal,0,-0.7860238437190772
135823,0,1,1,whitespace,minimal,0,-0.4989935950407255
145177,8,1,0,whitespace,minimal,0,-0.8299239070913523
149592,0,1,0,whitespace,minimal,0,-0.8132577852955292
130,1,1,0,whitespace,noise_aware,0,-0.7018254299907545
817,0,1,0,whitespace,noise_aware,0,-0.8126546142640152
6366,0,1,0,whitespace,noise_aware,0,-0.9045324747290412
13420,0,1,0,whitespace,noise_aware,0,-0.8307306424403468
15087,7,1,0,whitespace,noise_aware,0,-0.8076190544981552
20959,0,1,0,whitespace,noise_aware,0,-0.8727659586340846
30245,1,1,0,whitespace,noise_aware,0,-0.7426222973880237
35059,10,1,0,whitespace,noise_aware,0,-0.6789607171958909
55266,0,1,0,whitespace,noise_aware,0,-0.8344650885236579
57983,2,1,0,whitespace,noise_aware,0,-0.686027924145261
58105,0,1,1,whitespace,noise_aware,0,-0.661094111470284
62209,0,1,0,whitespace,noise_aware,0,-0.9031933264873666
62267,0,1,0,whitespace,noise_aware,0,-0.7295292655808245
67474,0,1,0,whitespace,noise_aware,0,-0.8616062351050575
79927,1,1,0,whitespace,noise_aware,0,-0.5624557166683095
84949,0,1,0,whitespace,noise_aware,0,-0.7766777319715045
90482,1,1,0,whitespace,noise_aware,0,-0.8637494073241067
91544,0,1,0,whitespace,noise_aware,0,-0.9167317752173957
91587,0,1,0,whitespace,noise_aware,0,-0.8069872546106069
93984,3,1,0,whitespace,noise_aware,0,-0.8729772270787555
94803,0,1,0,whitespace,noise_aware,0,-0.772876361289685
98754,0,1,0,whitespace,noise_aware,0,-0.6863700113431328
108373,0,1,0,whitespace,noise_aware,0,-0.7737196502485905
108526,0,1,0,whitespace,noise_aware,0,-0.7521636002319402
111085,0,1,0,whitespace,noise_aware,0,-0.8639235449002304
111451,1,1,0,whitespace,noise_aware,0,-0.8224779641672152
112702,3,1,0,whitespace,noise_aware,0,-0.7574341381040421
118696,2,1,0,whitespace,noise_aware,0,-0.6764548720376355
122184,3,1,0,whitespace,noise_aware,0,-0.8287729741727907
131049,0,1,0,whitespace,noise_aware,0,-0.7860238437190772
135823,0,1,1,whitespace,noise_aware,0,-0.4989935950407255
145177,8,1,0,whitespace,noise_aware,0,-0.8299239070913523
149592,0,1,0,whitespace,noise_aware,0,-0.8132577852955292
130,1,1,0,whitespace,aggressive,0,-0.8073825986070426
817,0,1,0,whitespace,aggressive,0,-0.8234166415165632
6366,0,1,0,whitespace,aggressive,0,-0.8712114560451937
13420,0,1,0,whitespace,aggressive,0,-0.7808772344586724
15087,7,1,0,whitespace,aggressive,0,-0.8798693457441137
20959,0,1,0,whitespace,aggressive,0,-0.8912644877900066
30245,1,1,0,whitespace,aggressive,0,-0.8044051356201318
35059,10,1,0,whitespace,aggressive,0,-0.7746185972728901
55266,0,1,0,whitespace,aggressive,0,-0.9272365090000305
57983,2,1,0,whitespace,aggressive,0,-0.8031525134652111
58105,0,1,1,whitespace,aggressive,0,-0.6862006149136662
62209,0,1,0,whitespace,aggressive,0,-0.8949826092117193
62267,0,1,0,whitespace,aggressive,0,-0.8359760659084401
67474,0,1,0,whitespace,aggressive,0,-0.8815211705736552
79927,1,1,0,whitespace,aggressive,0,-0.7665627013661632
84949,0,1,0,whitespace,aggressive,0,-0.7836707092203161
90482,1,1,0,whitespace,aggressive,0,-0.8462443907895838
91544,0,1,0,whitespace,aggressive,0,-0.8927984483317595
91587,0,1,0,whitespace,aggressive,0,-0.7837256905757447
93984,3,1,0,whitespace,aggressive,0,-0.811495989340814
94803,0,1,0,whitespace,aggressive,0,-0.8215042520888423
98754,0,1,0,whitespace,aggressive,0,-0.7748695965580059
108373,0,1,0,whitespace,aggressive,0,-0.7822606884157058
108526,0,1,0,whitespace,aggressive,0,-0.7977713756501902
111085,0,1,0,whitespace,aggressive,0,-0.8704957973720642
111451,1,1,0,whitespace,aggressive,0,-0.9010936840989965
112702,3,1,0,whitespace,aggressive,0,-0.8350984621297955
118696,2,1,0,whitespace,aggressive,0,-0.8102924144156991
122184,3,1,0,whitespace,aggressive,0,-0.8565470487698871
131049,0,1,0,whitespace,aggressive,0,-0.8177628896970797
135823,0,1,1,whitespace,aggressive,0,-0.7693051356599336
145177,8,1,0,whitespace,aggressive,0,-0.8356314685483961
149592,0,1,0,whitespace,aggressive,0,-0.8600932934911232
130,1,1,0,typo,none,0,-0.7326793121179909
817,0,1,0,typo,none,0,-0.7777485082548938
6366,0,1,0,typo,none,0,-0.8974246606437213
13420,0,1,0,typo,none,0,-0.8333868823946525
15087,7,1,0,typo,none,0,-0.8250864808590259
20959,0,1,0,typo,none,0,-0.8844438076718474
30245,1,1,0,typo,none,0,-0.7408829209103459
35059,10,1,0,typo,none,0,-0.7331027597825933
55266,0,1,0,typo,none,0,-0.851307280127293
57983,2,1,0,typo,none,0,-0.7052757136561618
58105,0,1,1,typo,none,0,-0.7013612891957589
62209,0,1,0,typo,none,0,-0.8906135022190683
62267,0,1,0,typo,none,0,-0.6972492198059359
67474,0,1,0,typo,none,0,-0.87541807550643
79927,1,1,0,typo,none,0,-0.5450133053447439
84949,0,1,0,typo,none,0,-0.7743441479835537
90482,1,1,0,typo,none,0,-0.8519349819591959
91544,0,1,0,typo,none,0,-0.9135679336278171
91587,0,1,0,typo,none,0,-0.7906602197325184
93984,3,1,0,typo,none,0,-0.9033466023934698
94803,0,1,0,typo,none,0,-0.7546772113089458
98754,0,1,0,typo,none,0,-0.6884324776757424
108373,0,1,0,typo,none,0,-0.7574665752506099
108526,0,1,0,typo,none,0,-0.761631503457944
111085,0,1,0,typo,none,0,-0.8678644118545553
111451,1,1,0,typo,none,0,-0.8422818741533848
112702,3,1,0,typo,none,0,-0.7929339722111916
118696,2,1,0,typo,none,0,-0.6957378920028129
122184,3,1,0,typo,none,0,-0.8336211736157222
131049,0,1,0,typo,none,0,-0.8110479673728054
135823,0,1,1,typo,none,0,-0.5105110328671619
145177,8,1,0,typo,none,0,-0.8149572601945072
149592,0,1,0,typo,none,0,-0.812486215043028
130,1,1,0,typo,minimal,0,-0.7326793121179909
817,0,1,0,typo,minimal,0,-0.7777485082548938
6366,0,1,0,typo,minimal,0,-0.8974246606437213
13420,0,1,0,typo,minimal,0,-0.8333868823946525
15087,7,1,0,typo,minimal,0,-0.8250864808590259
20959,0,1,0,typo,minimal,0,-0.8844438076718474
30245,1,1,0,typo,minimal,0,-0.7408829209103459
35059,10,1,0,typo,minimal,0,-0.7331027597825933
55266,0,1,0,typo,minimal,0,-0.851307280127293
57983,2,1,0,typo,minimal,0,-0.7052757136561618
58105,0,1,1,typo,minimal,0,-0.7013612891957589
62209,0,1,0,typo,minimal,0,-0.8906135022190683
62267,0,1,0,typo,minimal,0,-0.6972492198059359
67474,0,1,0,typo,minimal,0,-0.87541807550643
79927,1,1,0,typo,minimal,0,-0.5450133053447439
84949,0,1,0,typo,minimal,0,-0.7743441479835537
90482,1,1,0,typo,minimal,0,-0.8519349819591959
91544,0,1,0,typo,minimal,0,-0.9135679336278171
91587,0,1,0,typo,minimal,0,-0.7906602197325184
93984,3,1,0,typo,minimal,0,-0.9033466023934698
94803,0,1,0,typo,minimal,0,-0.7546772113089458
98754,0,1,0,typo,minimal,0,-0.6884324776757424
108373,0,1,0,typo,minimal,0,-0.7574665752506099
108526,0,1,0,typo,minimal,0,-0.761631503457944
111085,0,1,0,typo,minimal,0,-0.8678644118545553
111451,1,1,0,typo,minimal,0,-0.8422818741533848
112702,3,1,0,typo,minimal,0,-0.7929339722111916
118696,2,1,0,typo,minimal,0,-0.6957378920028129
122184,3,1,0,typo,minimal,0,-0.8336211736157222
131049,0,1,0,typo,minimal,0,-0.8110479673728054
135823,0,1,1,typo,minimal,0,-0.5105110328671619
145177,8,1,0,typo,minimal,0,-0.8149572601945072
149592,0,1,0,typo,minimal,0,-0.812486215043028
130,1,1,0,typo,noise_aware,0,-0.7326793121179909
817,0,1,0,typo,noise_aware,0,-0.7777485082548938
6366,0,1,0,typo,noise_aware,0,-0.8974246606437213
13420,0,1,0,typo,noise_aware,0,-0.8333868823946525
15087,7,1,0,typo,noise_aware,0,-0.8250864808590259
20959,0,1,0,typo,noise_aware,0,-0.8844438076718474
30245,1,1,0,typo,noise_aware,0,-0.7408829209103459
35059,10,1,0,typo,noise_aware,0,-0.7331027597825933
55266,0,1,0,typo,noise_aware,0,-0.851307280127293
57983,2,1,0,typo,noise_aware,0,-0.7052757136561618
58105,0,1,1,typo,noise_aware,0,-0.7013612891957589
62209,0,1,0,typo,noise_aware,0,-0.8906135022190683
62267,0,1,0,typo,noise_aware,0,-0.6972492198059359
67474,0,1,0,typo,noise_aware,0,-0.87541807550643
79927,1,1,0,typo,noise_aware,0,-0.5450133053447439
84949,0,1,0,typo,noise_aware,0,-0.7743441479835537
90482,1,1,0,typo,noise_aware,0,-0.8519349819591959
91544,0,1,0,typo,noise_aware,0,-0.9135679336278171
91587,0,1,0,typo,noise_aware,0,-0.7906602197325184
93984,3,1,0,typo,noise_aware,0,-0.9033466023934698
94803,0,1,0,typo,noise_aware,0,-0.7546772113089458
98754,0,1,0,typo,noise_aware,0,-0.6884324776757424
108373,0,1,0,typo,noise_aware,0,-0.7574665752506099
108526,0,1,0,typo,noise_aware,0,-0.761631503457944
111085,0,1,0,typo,noise_aware,0,-0.8678644118545553
111451,1,1,0,typo,noise_aware,0,-0.8422818741533848
112702,3,1,0,typo,noise_aware,0,-0.7929339722111916
118696,2,1,0,typo,noise_aware,0,-0.6957378920028129
122184,3,1,0,typo,noise_aware,0,-0.8336211736157222
131049,0,1,0,typo,noise_aware,0,-0.8110479673728054
135823,0,1,1,typo,noise_aware,0,-0.5105110328671619
145177,8,1,0,typo,noise_aware,0,-0.8149572601945072
149592,0,1,0,typo,noise_aware,0,-0.812486215043028
130,1,1,0,typo,aggressive,0,-0.824215354536253
817,0,1,0,typo,aggressive,0,-0.8135710512941223
6366,0,1,0,typo,aggressive,0,-0.8721774190113903
13420,0,1,0,typo,aggressive,0,-0.7867426769881486
15087,7,1,0,typo,aggressive,0,-0.8795124690979312
20959,0,1,0,typo,aggressive,0,-0.8904674784311416
30245,1,1,0,typo,aggressive,0,-0.7884035920740806
35059,10,1,0,typo,aggressive,0,-0.7486222784181646
55266,0,1,0,typo,aggressive,0,-0.9396891121933454
57983,2,1,0,typo,aggressive,0,-0.7869153866130676
58105,0,1,1,typo,aggressive,0,-0.7195772075423748
62209,0,1,0,typo,aggressive,0,-0.8994777619184365
62267,0,1,0,typo,aggressive,0,-0.8435708428103206
67474,0,1,0,typo,aggressive,0,-0.8954108028095584
79927,1,1,0,typo,aggressive,0,-0.7249887498909872
84949,0,1,0,typo,aggressive,0,-0.7894680588586566
90482,1,1,0,typo,aggressive,0,-0.8425246477128592
91544,0,1,0,typo,aggressive,0,-0.89998701317623
91587,0,1,0,typo,aggressive,0,-0.7837256905757447
93984,3,1,0,typo,aggressive,0,-0.8333591119941739
94803,0,1,0,typo,aggressive,0,-0.8063370898291172
98754,0,1,0,typo,aggressive,0,-0.7798438877026763
108373,0,1,0,typo,aggressive,0,-0.7734154371483225
108526,0,1,0,typo,aggressive,0,-0.795191421792064
111085,0,1,0,typo,aggressive,0,-0.8685998626505613
111451,1,1,0,typo,aggressive,0,-0.905353451272435
112702,3,1,0,typo,aggressive,0,-0.8574605520592801
118696,2,1,0,typo,aggressive,0,-0.8039667977581548
122184,3,1,0,typo,aggressive,0,-0.8562361520813413
131049,0,1,0,typo,aggressive,0,-0.8241764496584546
135823,0,1,1,typo,aggressive,0,-0.775877256776796
145177,8,1,0,typo,aggressive,0,-0.8290220648761396
149592,0,1,0,typo,aggressive,0,-0.8525050515433478
130,1,1,0,word_deletion,none,0,-0.7022502178004129
817,0,1,0,word_deletion,none,0,-0.7714991155778095
6366,0,1,0,word_deletion,none,0,-0.8930934312558767
13420,0,1,0,word_deletion,none,0,-0.8679343696639474
15087,7,1,0,word_deletion,none,0,-0.8250223777985053
20959,0,1,0,word_deletion,none,0,-0.8798837516559695
30245,1,1,0,word_deletion,none,0,-0.7484508820762918
35059,10,1,0,word_deletion,none,0,-0.6865562150751029
55266,0,1,0,word_deletion,none,0,-0.8467211226552117
57983,2,1,0,word_deletion,none,0,-0.7052757136561618
58105,0,1,1,word_deletion,none,0,-0.6863106732297442
62209,0,1,0,word_deletion,none,0,-0.8932744948523759
62267,0,1,0,word_deletion,none,0,-0.6967709533493704
67474,0,1,0,word_deletion,none,0,-0.9006974644600603
79927,1,1,0,word_deletion,none,0,-0.5554926715447411
84949,0,1,0,word_deletion,none,0,-0.7543492497798283
90482,1,1,0,word_deletion,none,0,-0.8595494724504489
91544,0,1,0,word_deletion,none,0,-0.9123280314814751
91587,0,1,0,word_deletion,none,0,-0.7969155649410373
93984,3,1,0,word_deletion,none,0,-0.899104786784272
94803,0,1,0,word_deletion,none,0,-0.7617435810758941
98754,0,1,0,word_deletion,none,0,-0.6910629222628952
108373,0,1,0,word_deletion,none,0,-0.7538124527998424
108526,0,1,0,word_deletion,none,0,-0.7697454078026374
111085,0,1,0,word_deletion,none,0,-0.8787193079611344
111451,1,1,0,word_deletion,none,0,-0.8445880287167269
112702,3,1,0,word_deletion,none,0,-0.7917633148074695
118696,2,1,0,word_deletion,none,0,-0.6932955916663754
122184,3,1,0,word_deletion,none,0,-0.839248469421381
131049,0,1,0,word_deletion,none,0,-0.8236801626143523
135823,0,1,1,word_deletion,none,0,-0.5124827146552331
145177,8,1,0,word_deletion,none,0,-0.8240997255533734
149592,0,1,0,word_deletion,none,0,-0.8129729481510226
130,1,1,0,word_deletion,minimal,0,-0.7022502178004129
817,0,1,0,word_deletion,minimal,0,-0.7714991155778095
6366,0,1,0,word_deletion,minimal,0,-0.8930934312558767
13420,0,1,0,word_deletion,minimal,0,-0.8679343696639474
15087,7,1,0,word_deletion,minimal,0,-0.8250223777985053
20959,0,1,0,word_deletion,minimal,0,-0.8798837516559695
30245,1,1,0,word_deletion,minimal,0,-0.7484508820762918
35059,10,1,0,word_deletion,minimal,0,-0.6865562150751029
55266,0,1,0,word_deletion,minimal,0,-0.8467211226552117
57983,2,1,0,word_deletion,minimal,0,-0.7052757136561618
58105,0,1,1,word_deletion,minimal,0,-0.6863106732297442
62209,0,1,0,word_deletion,minimal,0,-0.8932744948523759
62267,0,1,0,word_deletion,minimal,0,-0.6967709533493704
67474,0,1,0,word_deletion,minimal,0,-0.9006974644600603
79927,1,1,0,word_deletion,minimal,0,-0.5554926715447411
84949,0,1,0,word_deletion,minimal,0,-0.7543492497798283
90482,1,1,0,word_deletion,minimal,0,-0.8595494724504489
91544,0,1,0,word_deletion,minimal,0,-0.9123280314814751
91587,0,1,0,word_deletion,minimal,0,-0.7969155649410373
93984,3,1,0,word_deletion,minimal,0,-0.899104786784272
94803,0,1,0,word_deletion,minimal,0,-0.7617435810758941
98754,0,1,0,word_deletion,minimal,0,-0.6910629222628952
108373,0,1,0,word_deletion,minimal,0,-0.7538124527998424
108526,0,1,0,word_deletion,minimal,0,-0.7697454078026374
111085,0,1,0,word_deletion,minimal,0,-0.8787193079611344
111451,1,1,0,word_deletion,minimal,0,-0.8445880287167269
112702,3,1,0,word_deletion,minimal,0,-0.7917633148074695
118696,2,1,0,word_deletion,minimal,0,-0.6932955916663754
122184,3,1,0,word_deletion,minimal,0,-0.839248469421381
131049,0,1,0,word_deletion,minimal,0,-0.8236801626143523
135823,0,1,1,word_deletion,minimal,0,-0.5124827146552331
145177,8,1,0,word_deletion,minimal,0,-0.8240997255533734
149592,0,1,0,word_deletion,minimal,0,-0.8129729481510226
130,1,1,0,word_deletion,noise_aware,0,-0.7022502178004129
817,0,1,0,word_deletion,noise_aware,0,-0.7714991155778095
6366,0,1,0,word_deletion,noise_aware,0,-0.8930934312558767
13420,0,1,0,word_deletion,noise_aware,0,-0.8679343696639474
15087,7,1,0,word_deletion,noise_aware,0,-0.8250223777985053
20959,0,1,0,word_deletion,noise_aware,0,-0.8798837516559695
30245,1,1,0,word_deletion,noise_aware,0,-0.7484508820762918
35059,10,1,0,word_deletion,noise_aware,0,-0.6865562150751029
55266,0,1,0,word_deletion,noise_aware,0,-0.8467211226552117
57983,2,1,0,word_deletion,noise_aware,0,-0.7052757136561618
58105,0,1,1,word_deletion,noise_aware,0,-0.6863106732297442
62209,0,1,0,word_deletion,noise_aware,0,-0.8932744948523759
62267,0,1,0,word_deletion,noise_aware,0,-0.6967709533493704
67474,0,1,0,word_deletion,noise_aware,0,-0.9006974644600603
79927,1,1,0,word_deletion,noise_aware,0,-0.5554926715447411
84949,0,1,0,word_deletion,noise_aware,0,-0.7543492497798283
90482,1,1,0,word_deletion,noise_aware,0,-0.8595494724504489
91544,0,1,0,word_deletion,noise_aware,0,-0.9123280314814751
91587,0,1,0,word_deletion,noise_aware,0,-0.7969155649410373
93984,3,1,0,word_deletion,noise_aware,0,-0.899104786784272
94803,0,1,0,word_deletion,noise_aware,0,-0.7617435810758941
98754,0,1,0,word_deletion,noise_aware,0,-0.6910629222628952
108373,0,1,0,word_deletion,noise_aware,0,-0.7538124527998424
108526,0,1,0,word_deletion,noise_aware,0,-0.7697454078026374
111085,0,1,0,word_deletion,noise_aware,0,-0.8787193079611344
111451,1,1,0,word_deletion,noise_aware,0,-0.8445880287167269
112702,3,1,0,word_deletion,noise_aware,0,-0.7917633148074695
118696,2,1,0,word_deletion,noise_aware,0,-0.6932955916663754
122184,3,1,0,word_deletion,noise_aware,0,-0.839248469421381
131049,0,1,0,word_deletion,noise_aware,0,-0.8236801626143523
135823,0,1,1,word_deletion,noise_aware,0,-0.5124827146552331
145177,8,1,0,word_deletion,noise_aware,0,-0.8240997255533734
149592,0,1,0,word_deletion,noise_aware,0,-0.8129729481510226
130,1,1,0,word_deletion,aggressive,0,-0.7999810592419545
817,0,1,0,word_deletion,aggressive,0,-0.8085657869210424
6366,0,1,0,word_deletion,aggressive,0,-0.8721774190113903
13420,0,1,0,word_deletion,aggressive,0,-0.8010611590370248
15087,7,1,0,word_deletion,aggressive,0,-0.8795124690979312
20959,0,1,0,word_deletion,aggressive,0,-0.8916182752630197
30245,1,1,0,word_deletion,aggressive,0,-0.7946442905380763
35059,10,1,0,word_deletion,aggressive,0,-0.7688298155046315
55266,0,1,0,word_deletion,aggressive,0,-0.9454878106493871
57983,2,1,0,word_deletion,aggressive,0,-0.7869153866130676
58105,0,1,1,word_deletion,aggressive,0,-0.6965118378430445
62209,0,1,0,word_deletion,aggressive,0,-0.9059278893625973
62267,0,1,0,word_deletion,aggressive,0,-0.8447455515363987
67474,0,1,0,word_deletion,aggressive,0,-0.9009098485438133
79927,1,1,0,word_deletion,aggressive,0,-0.7264090987228089
84949,0,1,0,word_deletion,aggressive,0,-0.7799478212151848
90482,1,1,0,word_deletion,aggressive,0,-0.8464912996888692
91544,0,1,0,word_deletion,aggressive,0,-0.8991219615704009
91587,0,1,0,word_deletion,aggressive,0,-0.7818539550536105
93984,3,1,0,word_deletion,aggressive,0,-0.8319235537478649
94803,0,1,0,word_deletion,aggressive,0,-0.8146999840216327
98754,0,1,0,word_deletion,aggressive,0,-0.7810846660516313
108373,0,1,0,word_deletion,aggressive,0,-0.7809835611601563
108526,0,1,0,word_deletion,aggressive,0,-0.7956146623893843
111085,0,1,0,word_deletion,aggressive,0,-0.8727414020181913
111451,1,1,0,word_deletion,aggressive,0,-0.9141825613230531
112702,3,1,0,word_deletion,aggressive,0,-0.8391516117004529
118696,2,1,0,word_deletion,aggressive,0,-0.8015866673534819
122184,3,1,0,word_deletion,aggressive,0,-0.8691207254643767
131049,0,1,0,word_deletion,aggressive,0,-0.8201065437302645
135823,0,1,1,word_deletion,aggressive,0,-0.7683307416435483
145177,8,1,0,word_deletion,aggressive,0,-0.8386586956010453
149592,0,1,0,word_deletion,aggressive,0,-0.8538568447534425
130,1,1,0,filler,none,0,-0.7180693299286292
817,0,1,0,filler,none,0,-0.7860431876054359
6366,0,1,0,filler,none,0,-0.9165532479060285
13420,0,1,0,filler,none,0,-0.8487356714235613
15087,7,1,0,filler,none,0,-0.8187710947673075
20959,0,1,0,filler,none,0,-0.8941631001127444
30245,1,1,0,filler,none,0,-0.7648531684231766
35059,10,1,0,filler,none,0,-0.6703998722640293
55266,0,1,0,filler,none,0,-0.8531876374722978
57983,2,1,0,filler,none,0,-0.710840816199426
58105,0,1,1,filler,none,0,-0.6872412745961076
62209,0,1,0,filler,none,0,-0.9113815563225105
62267,0,1,0,filler,none,0,-0.6956042902073677
67474,0,1,0,filler,none,0,-0.8791018308810532
79927,1,1,0,filler,none,0,-0.5575420774202284
84949,0,1,0,filler,none,0,-0.7680216053624389
90482,1,1,0,filler,none,0,-0.8522867021166713
91544,0,1,0,filler,none,0,-0.9155181476964362
91587,0,1,0,filler,none,0,-0.804846580337955
93984,3,1,0,filler,none,0,-0.9048237895121113
94803,0,1,0,filler,none,0,-0.7630918361156336
98754,0,1,0,filler,none,0,-0.6913362108352673
108373,0,1,0,filler,none,0,-0.7657424714776137
108526,0,1,0,filler,none,0,-0.7650755945765352
111085,0,1,0,filler,none,0,-0.882467190971107
111451,1,1,0,filler,none,0,-0.8615734950222754
112702,3,1,0,filler,none,0,-0.8065405114674338
118696,2,1,0,filler,none,0,-0.7011059849174063
122184,3,1,0,filler,none,0,-0.8340449047198135
131049,0,1,0,filler,none,0,-0.8100581690668159
135823,0,1,1,filler,none,0,-0.5164089883075639
145177,8,1,0,filler,none,0,-0.8243966336227533
149592,0,1,0,filler,none,0,-0.8114439341484329
130,1,1,0,filler,minimal,0,-0.7180693299286292
817,0,1,0,filler,minimal,0,-0.7860431876054359
6366,0,1,0,filler,minimal,0,-0.9165532479060285
13420,0,1,0,filler,minimal,0,-0.8487356714235613
15087,7,1,0,filler,minimal,0,-0.8187710947673075
20959,0,1,0,filler,minimal,0,-0.8941631001127444
30245,1,1,0,filler,minimal,0,-0.7648531684231766
35059,10,1,0,filler,minimal,0,-0.6703998722640293
55266,0,1,0,filler,minimal,0,-0.8531876374722978
57983,2,1,0,filler,minimal,0,-0.710840816199426
58105,0,1,1,filler,minimal,0,-0.6872412745961076
62209,0,1,0,filler,minimal,0,-0.9113815563225105
62267,0,1,0,filler,minimal,0,-0.6956042902073677
67474,0,1,0,filler,minimal,0,-0.8791018308810532
79927,1,1,0,filler,minimal,0,-0.5575420774202284
84949,0,1,0,filler,minimal,0,-0.7680216053624389
90482,1,1,0,filler,minimal,0,-0.8522867021166713
91544,0,1,0,filler,minimal,0,-0.9155181476964362
91587,0,1,0,filler,minimal,0,-0.804846580337955
93984,3,1,0,filler,minimal,0,-0.9048237895121113
94803,0,1,0,filler,minimal,0,-0.7630918361156336
98754,0,1,0,filler,minimal,0,-0.6913362108352673
108373,0,1,0,filler,minimal,0,-0.7657424714776137
108526,0,1,0,filler,minimal,0,-0.7650755945765352
111085,0,1,0,filler,minimal,0,-0.882467190971107
111451,1,1,0,filler,minimal,0,-0.8615734950222754
112702,3,1,0,filler,minimal,0,-0.8065405114674338
118696,2,1,0,filler,minimal,0,-0.7011059849174063
122184,3,1,0,filler,minimal,0,-0.8340449047198135
131049,0,1,0,filler,minimal,0,-0.8100581690668159
135823,0,1,1,filler,minimal,0,-0.5164089883075639
145177,8,1,0,filler,minimal,0,-0.8243966336227533
149592,0,1,0,filler,minimal,0,-0.8114439341484329
130,1,1,0,filler,noise_aware,0,-0.7154816031962506
817,0,1,0,filler,noise_aware,0,-0.7860431876054359
6366,0,1,0,filler,noise_aware,0,-0.9169549391716166
13420,0,1,0,filler,noise_aware,0,-0.8400402124907165
15087,7,1,0,filler,noise_aware,0,-0.8187710947673075
20959,0,1,0,filler,noise_aware,0,-0.8939790125462017
30245,1,1,0,filler,noise_aware,0,-0.7648531684231766
35059,10,1,0,filler,noise_aware,0,-0.6722654596622378
55266,0,1,0,filler,noise_aware,0,-0.8577911603416606
57983,2,1,0,filler,noise_aware,0,-0.7149819798631534
58105,0,1,1,filler,noise_aware,0,-0.6885157992837916
62209,0,1,0,filler,noise_aware,0,-0.9119531552386222
62267,0,1,0,filler,noise_aware,0,-0.6972492198059359
67474,0,1,0,filler,noise_aware,0,-0.8822053831703505
79927,1,1,0,filler,noise_aware,0,-0.5575420774202284
84949,0,1,0,filler,noise_aware,0,-0.7680216053624389
90482,1,1,0,filler,noise_aware,0,-0.8522867021166713
91544,0,1,0,filler,noise_aware,0,-0.9150182946210614
91587,0,1,0,filler,noise_aware,0,-0.8036788115223799
93984,3,1,0,filler,noise_aware,0,-0.9061902977054013
94803,0,1,0,filler,noise_aware,0,-0.7664790247926325
98754,0,1,0,filler,noise_aware,0,-0.6746549843418106
108373,0,1,0,filler,noise_aware,0,-0.7657424714776137
108526,0,1,0,filler,noise_aware,0,-0.7695036207831824
111085,0,1,0,filler,noise_aware,0,-0.87596064644279
111451,1,1,0,filler,noise_aware,0,-0.8615734950222754
112702,3,1,0,filler,noise_aware,0,-0.8074345708934494
118696,2,1,0,filler,noise_aware,0,-0.7009249979501533
122184,3,1,0,filler,noise_aware,0,-0.8340449047198135
131049,0,1,0,filler,noise_aware,0,-0.8100581690668159
135823,0,1,1,filler,noise_aware,0,-0.513254777798831
145177,8,1,0,filler,noise_aware,0,-0.82469258823296
149592,0,1,0,filler,noise_aware,0,-0.8128964177247296
130,1,1,0,filler,aggressive,0,-0.8116527716292538
817,0,1,0,filler,aggressive,0,-0.8208427076939458
6366,0,1,0,filler,aggressive,0,-0.8798664341773159
13420,0,1,0,filler,aggressive,0,-0.790262878665109
15087,7,1,0,filler,aggressive,0,-0.8795124690979312
20959,0,1,0,filler,aggressive,0,-0.8979360576381121
30245,1,1,0,filler,aggressive,0,-0.8048763640074725
35059,10,1,0,filler,aggressive,0,-0.7486222784181646
55266,0,1,0,filler,aggressive,0,-0.9499532913413966
57983,2,1,0,filler,aggressive,0,-0.7955518002946605
58105,0,1,1,filler,aggressive,0,-0.7089513852152085
62209,0,1,0,filler,aggressive,0,-0.9097380204844514
62267,0,1,0,filler,aggressive,0,-0.8435708428103206
67474,0,1,0,filler,aggressive,0,-0.9033534703842125
79927,1,1,0,filler,aggressive,0,-0.7385397518461035
84949,0,1,0,filler,aggressive,0,-0.7853985135714949
90482,1,1,0,filler,aggressive,0,-0.8464912996888692
91544,0,1,0,filler,aggressive,0,-0.9017473062910657
91587,0,1,0,filler,aggressive,0,-0.7892507454817923
93984,3,1,0,filler,aggressive,0,-0.8388082570831936
94803,0,1,0,filler,aggressive,0,-0.8194228149510558
98754,0,1,0,filler,aggressive,0,-0.7810846660516313
108373,0,1,0,filler,aggressive,0,-0.7822407293539738
108526,0,1,0,filler,aggressive,0,-0.8001167788821701
111085,0,1,0,filler,aggressive,0,-0.878517436773329
111451,1,1,0,filler,aggressive,0,-0.9151050764330309
112702,3,1,0,filler,aggressive,0,-0.8638508541125677
118696,2,1,0,filler,aggressive,0,-0.8092260038600655
122184,3,1,0,filler,aggressive,0,-0.8653786430115529
131049,0,1,0,filler,aggressive,0,-0.8207031061474719
135823,0,1,1,filler,aggressive,0,-0.7738313210950208
145177,8,1,0,filler,aggressive,0,-0.8370806568165786
149592,0,1,0,filler,aggressive,0,-0.8610405081284858
130,1,1,0,mixed,none,0,-0.7209998223448574
817,0,1,0,mixed,none,0,-0.7828608210303485
6366,0,1,0,mixed,none,0,-0.9224257461644315
13420,0,1,0,mixed,none,0,-0.8445713098881212
15087,7,1,0,mixed,none,0,-0.8211266330581483
20959,0,1,0,mixed,none,0,-0.8815492086684533
30245,1,1,0,mixed,none,0,-0.7610270924802208
35059,10,1,0,mixed,none,0,-0.67071692196703
55266,0,1,0,mixed,none,0,-0.8415218636202383
57983,2,1,0,mixed,none,0,-0.6743954696692802
58105,0,1,1,mixed,none,0,-0.6570260547933469
62209,0,1,0,mixed,none,0,-0.9137054639529458
62267,0,1,0,mixed,none,0,-0.671538078315923
67474,0,1,0,mixed,none,0,-0.8521576183285338
79927,1,1,0,mixed,none,0,-0.5715459508647716
84949,0,1,0,mixed,none,0,-0.7852693313116778
90482,1,1,0,mixed,none,0,-0.8491351859461141
91544,0,1,0,mixed,none,0,-0.9088355191855704
91587,0,1,0,mixed,none,0,-0.8167285210575945
93984,3,1,0,mixed,none,0,-0.8849198003131042
94803,0,1,0,mixed,none,0,-0.749680381002952
98754,0,1,0,mixed,none,0,-0.6693362715072126
108373,0,1,0,mixed,none,0,-0.774818313812402
108526,0,1,0,mixed,none,0,-0.7613030104036947
111085,0,1,0,mixed,none,0,-0.8560660639943456
111451,1,1,0,mixed,none,0,-0.8187907993150207
112702,3,1,0,mixed,none,0,-0.8063924312218003
118696,2,1,0,mixed,none,0,-0.670164964713867
122184,3,1,0,mixed,none,0,-0.8441383709944709
131049,0,1,0,mixed,none,0,-0.8101355026306156
135823,0,1,1,mixed,none,0,-0.5316685352739786
145177,8,1,0,mixed,none,0,-0.8163217618899299
149592,0,1,0,mixed,none,0,-0.8337077103711986
130,1,1,0,mixed,minimal,0,-0.7209998223448574
817,0,1,0,mixed,minimal,0,-0.7828608210303485
6366,0,1,0,mixed,minimal,0,-0.9224257461644315
13420,0,1,0,mixed,minimal,0,-0.8445713098881212
15087,7,1,0,mixed,minimal,0,-0.8211266330581483
20959,0,1,0,mixed,minimal,0,-0.8815492086684533
30245,1,1,0,mixed,minimal,0,-0.7610270924802208
35059,10,1,0,mixed,minimal,0,-0.67071692196703
55266,0,1,0,mixed,minimal,0,-0.8415218636202383
57983,2,1,0,mixed,minimal,0,-0.6743954696692802
58105,0,1,1,mixed,minimal,0,-0.6570260547933469
62209,0,1,0,mixed,minimal,0,-0.9137054639529458
62267,0,1,0,mixed,minimal,0,-0.671538078315923
67474,0,1,0,mixed,minimal,0,-0.8521576183285338
79927,1,1,0,mixed,minimal,0,-0.5715459508647716
84949,0,1,0,mixed,minimal,0,-0.7852693313116778
90482,1,1,0,mixed,minimal,0,-0.8491351859461141
91544,0,1,0,mixed,minimal,0,-0.9088355191855704
91587,0,1,0,mixed,minimal,0,-0.8167285210575945
93984,3,1,0,mixed,minimal,0,-0.8849198003131042
94803,0,1,0,mixed,minimal,0,-0.749680381002952
98754,0,1,0,mixed,minimal,0,-0.6693362715072126
108373,0,1,0,mixed,minimal,0,-0.774818313812402
108526,0,1,0,mixed,minimal,0,-0.7613030104036947
111085,0,1,0,mixed,minimal,0,-0.8560660639943456
111451,1,1,0,mixed,minimal,0,-0.8187907993150207
112702,3,1,0,mixed,minimal,0,-0.8063924312218003
118696,2,1,0,mixed,minimal,0,-0.670164964713867
122184,3,1,0,mixed,minimal,0,-0.8441383709944709
131049,0,1,0,mixed,minimal,0,-0.8101355026306156
135823,0,1,1,mixed,minimal,0,-0.5316685352739786
145177,8,1,0,mixed,minimal,0,-0.8163217618899299
149592,0,1,0,mixed,minimal,0,-0.8337077103711986
130,1,1,0,mixed,noise_aware,0,-0.7209998223448574
817,0,1,0,mixed,noise_aware,0,-0.7855109017708675
6366,0,1,0,mixed,noise_aware,0,-0.903097876267037
13420,0,1,0,mixed,noise_aware,0,-0.8448299975097008
15087,7,1,0,mixed,noise_aware,0,-0.8217300288658121
20959,0,1,0,mixed,noise_aware,0,-0.8747753499493192
30245,1,1,0,mixed,noise_aware,0,-0.7545301083779823
35059,10,1,0,mixed,noise_aware,0,-0.67071692196703
55266,0,1,0,mixed,noise_aware,0,-0.8373968671139193
57983,2,1,0,mixed,noise_aware,0,-0.6743954696692802
58105,0,1,1,mixed,noise_aware,0,-0.6590325822983814
62209,0,1,0,mixed,noise_aware,0,-0.9139519248356036
62267,0,1,0,mixed,noise_aware,0,-0.671538078315923
67474,0,1,0,mixed,noise_aware,0,-0.8527804395916813
79927,1,1,0,mixed,noise_aware,0,-0.5744664235167528
84949,0,1,0,mixed,noise_aware,0,-0.7760837061795764
90482,1,1,0,mixed,noise_aware,0,-0.8491351859461141
91544,0,1,0,mixed,noise_aware,0,-0.9089737549951619
91587,0,1,0,mixed,noise_aware,0,-0.8167285210575945
93984,3,1,0,mixed,noise_aware,0,-0.8849198003131042
94803,0,1,0,mixed,noise_aware,0,-0.749680381002952
98754,0,1,0,mixed,noise_aware,0,-0.6727463461200517
108373,0,1,0,mixed,noise_aware,0,-0.7784390618077403
108526,0,1,0,mixed,noise_aware,0,-0.7617367536956572
111085,0,1,0,mixed,noise_aware,0,-0.8562683712881266
111451,1,1,0,mixed,noise_aware,0,-0.8187907993150207
112702,3,1,0,mixed,noise_aware,0,-0.8108538503640849
118696,2,1,0,mixed,noise_aware,0,-0.6699985487972655
122184,3,1,0,mixed,noise_aware,0,-0.8437512951729208
131049,0,1,0,mixed,noise_aware,0,-0.8137085580979124
135823,0,1,1,mixed,noise_aware,0,-0.5338442827062334
145177,8,1,0,mixed,noise_aware,0,-0.8163217618899299
149592,0,1,0,mixed,noise_aware,0,-0.8342046111833811
130,1,1,0,mixed,aggressive,0,-0.8292946116601742
817,0,1,0,mixed,aggressive,0,-0.8004922095283531
6366,0,1,0,mixed,aggressive,0,-0.8814066245427699
13420,0,1,0,mixed,aggressive,0,-0.7798724852173909
15087,7,1,0,mixed,aggressive,0,-0.8699951126970596
20959,0,1,0,mixed,aggressive,0,-0.8787159817294193
30245,1,1,0,mixed,aggressive,0,-0.7893174901378985
35059,10,1,0,mixed,aggressive,0,-0.7719402138883235
55266,0,1,0,mixed,aggressive,0,-0.9297625539959833
57983,2,1,0,mixed,aggressive,0,-0.7817835994255947
58105,0,1,1,mixed,aggressive,0,-0.6965064200225651
62209,0,1,0,mixed,aggressive,0,-0.9196665766634531
62267,0,1,0,mixed,aggressive,0,-0.8399986436703011
67474,0,1,0,mixed,aggressive,0,-0.8988944008292787
79927,1,1,0,mixed,aggressive,0,-0.7416205146837174
84949,0,1,0,mixed,aggressive,0,-0.7805678147479254
90482,1,1,0,mixed,aggressive,0,-0.8529012942259167
91544,0,1,0,mixed,aggressive,0,-0.8981677910508857
91587,0,1,0,mixed,aggressive,0,-0.8071057953953327
93984,3,1,0,mixed,aggressive,0,-0.8363023557314538
94803,0,1,0,mixed,aggressive,0,-0.8402147705990078
98754,0,1,0,mixed,aggressive,0,-0.755874464905541
108373,0,1,0,mixed,aggressive,0,-0.8029053748713099
108526,0,1,0,mixed,aggressive,0,-0.798850058516982
111085,0,1,0,mixed,aggressive,0,-0.8670876847623545
111451,1,1,0,mixed,aggressive,0,-0.8972056814729129
112702,3,1,0,mixed,aggressive,0,-0.8647564150811906
118696,2,1,0,mixed,aggressive,0,-0.7842215460281254
122184,3,1,0,mixed,aggressive,0,-0.8713331831115485
131049,0,1,0,mixed,aggressive,0,-0.7976646599174286
135823,0,1,1,mixed,aggressive,0,-0.7663465351170611
145177,8,1,0,mixed,aggressive,0,-0.8305131287501669
149592,0,1,0,mixed,aggressive,0,-0.8512860087254676
1220,0,2,0,clean,none,0,-0.7063415501183512
10906,0,2,0,clean,none,0,-0.631469133589925
15086,0,2,0,clean,none,0,-0.8921587583596047
19655,2,2,0,clean,none,0,-0.44092606662014217
31733,4,2,0,clean,none,0,-0.7486538522819451
33385,0,2,0,clean,none,0,-0.6658370972283094
33499,22,2,0,clean,none,0,-0.899933141182212
37872,2,2,0,clean,none,0,-0.7064823219971781
42475,0,2,0,clean,none,0,-0.8031081772704021
43461,4,2,1,clean,none,0,-0.7229782378507974
43603,0,2,0,clean,none,0,-0.8137967797761639
47679,2,2,0,clean,none,0,-0.8037071995351047
64980,0,2,0,clean,none,0,-0.7429833044614724
66938,9,2,0,clean,none,0,-0.7496600479594111
79032,0,2,1,clean,none,0,-0.5389114406200898
81778,9,2,0,clean,none,0,-0.7796141819153904
82905,0,2,0,clean,none,0,-0.7334127835225019
85331,1,2,0,clean,none,0,-0.9488693867649668
90723,0,2,0,clean,none,0,-0.6064650528807354
94470,1,2,0,clean,none,0,-0.7903640639904218
98490,4,2,0,clean,none,0,-0.8126171605862135
102221,0,2,0,clean,none,0,-0.6223402551779942
105783,1,2,0,clean,none,0,-0.7887685821853117
111327,35,2,0,clean,none,0,-0.7187828558045749
116373,0,2,0,clean,none,0,-0.8197756136130101
120067,0,2,0,clean,none,0,-0.8274175253005491
120579,0,2,0,clean,none,0,-0.786496111059466
135475,0,2,0,clean,none,0,-0.6300814907465274
135610,3,2,0,clean,none,0,-0.8985390284970565
137852,0,2,0,clean,none,0,-0.7222188136707992
139372,0,2,0,clean,none,0,-0.8881420284889077
145940,7,2,0,clean,none,0,-0.9320905361196409
148171,0,2,0,clean,none,0,-0.8319256998331808
1220,0,2,0,clean,minimal,0,-0.7063415501183512
10906,0,2,0,clean,minimal,0,-0.631469133589925
15086,0,2,0,clean,minimal,0,-0.8921587583596047
19655,2,2,0,clean,minimal,0,-0.44092606662014217
31733,4,2,0,clean,minimal,0,-0.7486538522819451
33385,0,2,0,clean,minimal,0,-0.6658370972283094
33499,22,2,0,clean,minimal,0,-0.899933141182212
37872,2,2,0,clean,minimal,0,-0.7064823219971781
42475,0,2,0,clean,minimal,0,-0.8031081772704021
43461,4,2,1,clean,minimal,0,-0.7229782378507974
43603,0,2,0,clean,minimal,0,-0.8137967797761639
47679,2,2,0,clean,minimal,0,-0.8037071995351047
64980,0,2,0,clean,minimal,0,-0.7429833044614724
66938,9,2,0,clean,minimal,0,-0.7496600479594111
79032,0,2,1,clean,minimal,0,-0.5389114406200898
81778,9,2,0,clean,minimal,0,-0.7796141819153904
82905,0,2,0,clean,minimal,0,-0.7334127835225019
85331,1,2,0,clean,minimal,0,-0.9488693867649668
90723,0,2,0,clean,minimal,0,-0.6064650528807354
94470,1,2,0,clean,minimal,0,-0.7903640639904218
98490,4,2,0,clean,minimal,0,-0.8126171605862135
102221,0,2,0,clean,minimal,0,-0.6223402551779942
105783,1,2,0,clean,minimal,0,-0.7887685821853117
111327,35,2,0,clean,minimal,0,-0.7187828558045749
116373,0,2,0,clean,minimal,0,-0.8197756136130101
120067,0,2,0,clean,minimal,0,-0.8274175253005491
120579,0,2,0,clean,minimal,0,-0.786496111059466
135475,0,2,0,clean,minimal,0,-0.6300814907465274
135610,3,2,0,clean,minimal,0,-0.8985390284970565
137852,0,2,0,clean,minimal,0,-0.7222188136707992
139372,0,2,0,clean,minimal,0,-0.8881420284889077
145940,7,2,0,clean,minimal,0,-0.9320905361196409
148171,0,2,0,clean,minimal,0,-0.8319256998331808
1220,0,2,0,clean,noise_aware,0,-0.7063415501183512
10906,0,2,0,clean,noise_aware,0,-0.631469133589925
15086,0,2,0,clean,noise_aware,0,-0.8921587583596047
19655,2,2,0,clean,noise_aware,0,-0.44092606662014217
31733,4,2,0,clean,noise_aware,0,-0.7486538522819451
33385,0,2,0,clean,noise_aware,0,-0.6658370972283094
33499,22,2,0,clean,noise_aware,0,-0.899933141182212
37872,2,2,0,clean,noise_aware,0,-0.7064823219971781
42475,0,2,0,clean,noise_aware,0,-0.8031081772704021
43461,4,2,1,clean,noise_aware,0,-0.7229782378507974
43603,0,2,0,clean,noise_aware,0,-0.8137967797761639
47679,2,2,0,clean,noise_aware,0,-0.8037071995351047
64980,0,2,0,clean,noise_aware,0,-0.7429833044614724
66938,9,2,0,clean,noise_aware,0,-0.7496600479594111
79032,0,2,1,clean,noise_aware,0,-0.5389114406200898
81778,9,2,0,clean,noise_aware,0,-0.7796141819153904
82905,0,2,0,clean,noise_aware,0,-0.7334127835225019
85331,1,2,0,clean,noise_aware,0,-0.9488693867649668
90723,0,2,0,clean,noise_aware,0,-0.6064650528807354
94470,1,2,0,clean,noise_aware,0,-0.7903640639904218
98490,4,2,0,clean,noise_aware,0,-0.8126171605862135
102221,0,2,0,clean,noise_aware,0,-0.6223402551779942
105783,1,2,0,clean,noise_aware,0,-0.7887685821853117
111327,35,2,0,clean,noise_aware,0,-0.7187828558045749
116373,0,2,0,clean,noise_aware,0,-0.8197756136130101
120067,0,2,0,clean,noise_aware,0,-0.8274175253005491
120579,0,2,0,clean,noise_aware,0,-0.786496111059466
135475,0,2,0,clean,noise_aware,0,-0.6300814907465274
135610,3,2,0,clean,noise_aware,0,-0.8985390284970565
137852,0,2,0,clean,noise_aware,0,-0.7222188136707992
139372,0,2,0,clean,noise_aware,0,-0.8881420284889077
145940,7,2,0,clean,noise_aware,0,-0.9320905361196409
148171,0,2,0,clean,noise_aware,0,-0.8319256998331808
1220,0,2,0,clean,aggressive,0,-0.7892181586955915
10906,0,2,0,clean,aggressive,0,-0.7003408457987136
15086,0,2,0,clean,aggressive,0,-0.8413301356820959
19655,2,2,0,clean,aggressive,0,-0.53822822153443
31733,4,2,0,clean,aggressive,0,-0.7543397892178149
33385,0,2,0,clean,aggressive,0,-0.6093598450681567
33499,22,2,0,clean,aggressive,0,-0.8926482604422531
37872,2,2,0,clean,aggressive,0,-0.7562701259447142
42475,0,2,0,clean,aggressive,0,-0.8094397510598049
43461,4,2,1,clean,aggressive,0,-0.79786391975892
43603,0,2,0,clean,aggressive,0,-0.805750034480269
47679,2,2,0,clean,aggressive,0,-0.8151529942262035
64980,0,2,0,clean,aggressive,0,-0.7628851100516009
66938,9,2,0,clean,aggressive,0,-0.8523394543163341
79032,0,2,1,clean,aggressive,0,-0.7873660763348648
81778,9,2,0,clean,aggressive,0,-0.8132453872547833
82905,0,2,0,clean,aggressive,0,-0.6391684071497788
85331,1,2,0,clean,aggressive,0,-0.9311920253242671
90723,0,2,0,clean,aggressive,0,-0.7298510066874295
94470,1,2,0,clean,aggressive,0,-0.7440790071109512
98490,4,2,0,clean,aggressive,0,-0.8165488028838256
102221,0,2,0,clean,aggressive,0,-0.6795050285438075
105783,1,2,0,clean,aggressive,0,-0.7516219075956767
111327,35,2,0,clean,aggressive,0,-0.7819467702847905
116373,0,2,0,clean,aggressive,0,-0.855355781113589
120067,0,2,0,clean,aggressive,0,-0.8434541892670062
120579,0,2,0,clean,aggressive,0,-0.7627429297963841
135475,0,2,0,clean,aggressive,0,-0.7130117743324533
135610,3,2,0,clean,aggressive,0,-0.8777062890736904
137852,0,2,0,clean,aggressive,0,-0.8259353487929044
139372,0,2,0,clean,aggressive,0,-0.8442049231515706
145940,7,2,0,clean,aggressive,0,-0.9348265004043063
148171,0,2,0,clean,aggressive,0,-0.8108958134512979
1220,0,2,0,casing,none,0,-0.7063415501183512
10906,0,2,0,casing,none,0,-0.631469133589925
15086,0,2,0,casing,none,0,-0.8921587583596047
19655,2,2,0,casing,none,0,-0.44092606662014217
31733,4,2,0,casing,none,0,-0.7486538522819451
33385,0,2,0,casing,none,0,-0.6658370972283094
33499,22,2,0,casing,none,0,-0.899933141182212
37872,2,2,0,casing,none,0,-0.7064823219971781
42475,0,2,0,casing,none,0,-0.8031081772704021
43461,4,2,1,casing,none,0,-0.7229782378507974
43603,0,2,0,casing,none,0,-0.8137967797761639
47679,2,2,0,casing,none,0,-0.8037071995351047
64980,0,2,0,casing,none,0,-0.7429833044614724
66938,9,2,0,casing,none,0,-0.7496600479594111
79032,0,2,1,casing,none,0,-0.5389114406200898
81778,9,2,0,casing,none,0,-0.7796141819153904
82905,0,2,0,casing,none,0,-0.7334127835225019
85331,1,2,0,casing,none,0,-0.9488693867649668
90723,0,2,0,casing,none,0,-0.6064650528807354
94470,1,2,0,casing,none,0,-0.7903640639904218
98490,4,2,0,casing,none,0,-0.8126171605862135
102221,0,2,0,casing,none,0,-0.6223402551779942
105783,1,2,0,casing,none,0,-0.7887685821853117
111327,35,2,0,casing,none,0,-0.7187828558045749
116373,0,2,0,casing,none,0,-0.8197756136130101
120067,0,2,0,casing,none,0,-0.8274175253005491
120579,0,2,0,casing,none,0,-0.786496111059466
135475,0,2,0,casing,none,0,-0.6300814907465274
135610,3,2,0,casing,none,0,-0.8985390284970565
137852,0,2,0,casing,none,0,-0.7222188136707992
139372,0,2,0,casing,none,0,-0.8881420284889077
145940,7,2,0,casing,none,0,-0.9320905361196409
148171,0,2,0,casing,none,0,-0.8319256998331808
1220,0,2,0,casing,minimal,0,-0.7063415501183512
10906,0,2,0,casing,minimal,0,-0.631469133589925
15086,0,2,0,casing,minimal,0,-0.8921587583596047
19655,2,2,0,casing,minimal,0,-0.44092606662014217
31733,4,2,0,casing,minimal,0,-0.7486538522819451
33385,0,2,0,casing,minimal,0,-0.6658370972283094
33499,22,2,0,casing,minimal,0,-0.899933141182212
37872,2,2,0,casing,minimal,0,-0.7064823219971781
42475,0,2,0,casing,minimal,0,-0.8031081772704021
43461,4,2,1,casing,minimal,0,-0.7229782378507974
43603,0,2,0,casing,minimal,0,-0.8137967797761639
47679,2,2,0,casing,minimal,0,-0.8037071995351047
64980,0,2,0,casing,minimal,0,-0.7429833044614724
66938,9,2,0,casing,minimal,0,-0.7496600479594111
79032,0,2,1,casing,minimal,0,-0.5389114406200898
81778,9,2,0,casing,minimal,0,-0.7796141819153904
82905,0,2,0,casing,minimal,0,-0.7334127835225019
85331,1,2,0,casing,minimal,0,-0.9488693867649668
90723,0,2,0,casing,minimal,0,-0.6064650528807354
94470,1,2,0,casing,minimal,0,-0.7903640639904218
98490,4,2,0,casing,minimal,0,-0.8126171605862135
102221,0,2,0,casing,minimal,0,-0.6223402551779942
105783,1,2,0,casing,minimal,0,-0.7887685821853117
111327,35,2,0,casing,minimal,0,-0.7187828558045749
116373,0,2,0,casing,minimal,0,-0.8197756136130101
120067,0,2,0,casing,minimal,0,-0.8274175253005491
120579,0,2,0,casing,minimal,0,-0.786496111059466
135475,0,2,0,casing,minimal,0,-0.6300814907465274
135610,3,2,0,casing,minimal,0,-0.8985390284970565
137852,0,2,0,casing,minimal,0,-0.7222188136707992
139372,0,2,0,casing,minimal,0,-0.8881420284889077
145940,7,2,0,casing,minimal,0,-0.9320905361196409
148171,0,2,0,casing,minimal,0,-0.8319256998331808
1220,0,2,0,casing,noise_aware,0,-0.7063415501183512
10906,0,2,0,casing,noise_aware,0,-0.631469133589925
15086,0,2,0,casing,noise_aware,0,-0.8921587583596047
19655,2,2,0,casing,noise_aware,0,-0.44092606662014217
31733,4,2,0,casing,noise_aware,0,-0.7486538522819451
33385,0,2,0,casing,noise_aware,0,-0.6658370972283094
33499,22,2,0,casing,noise_aware,0,-0.899933141182212
37872,2,2,0,casing,noise_aware,0,-0.7064823219971781
42475,0,2,0,casing,noise_aware,0,-0.8031081772704021
43461,4,2,1,casing,noise_aware,0,-0.7229782378507974
43603,0,2,0,casing,noise_aware,0,-0.8137967797761639
47679,2,2,0,casing,noise_aware,0,-0.8037071995351047
64980,0,2,0,casing,noise_aware,0,-0.7429833044614724
66938,9,2,0,casing,noise_aware,0,-0.7496600479594111
79032,0,2,1,casing,noise_aware,0,-0.5389114406200898
81778,9,2,0,casing,noise_aware,0,-0.7796141819153904
82905,0,2,0,casing,noise_aware,0,-0.7334127835225019
85331,1,2,0,casing,noise_aware,0,-0.9488693867649668
90723,0,2,0,casing,noise_aware,0,-0.6064650528807354
94470,1,2,0,casing,noise_aware,0,-0.7903640639904218
98490,4,2,0,casing,noise_aware,0,-0.8126171605862135
102221,0,2,0,casing,noise_aware,0,-0.6223402551779942
105783,1,2,0,casing,noise_aware,0,-0.7887685821853117
111327,35,2,0,casing,noise_aware,0,-0.7187828558045749
116373,0,2,0,casing,noise_aware,0,-0.8197756136130101
120067,0,2,0,casing,noise_aware,0,-0.8274175253005491
120579,0,2,0,casing,noise_aware,0,-0.786496111059466
135475,0,2,0,casing,noise_aware,0,-0.6300814907465274
135610,3,2,0,casing,noise_aware,0,-0.8985390284970565
137852,0,2,0,casing,noise_aware,0,-0.7222188136707992
139372,0,2,0,casing,noise_aware,0,-0.8881420284889077
145940,7,2,0,casing,noise_aware,0,-0.9320905361196409
148171,0,2,0,casing,noise_aware,0,-0.8319256998331808
1220,0,2,0,casing,aggressive,0,-0.7892181586955915
10906,0,2,0,casing,aggressive,0,-0.7003408457987136
15086,0,2,0,casing,aggressive,0,-0.8413301356820959
19655,2,2,0,casing,aggressive,0,-0.53822822153443
31733,4,2,0,casing,aggressive,0,-0.7543397892178149
33385,0,2,0,casing,aggressive,0,-0.6093598450681567
33499,22,2,0,casing,aggressive,0,-0.8926482604422531
37872,2,2,0,casing,aggressive,0,-0.7562701259447142
42475,0,2,0,casing,aggressive,0,-0.8094397510598049
43461,4,2,1,casing,aggressive,0,-0.79786391975892
43603,0,2,0,casing,aggressive,0,-0.805750034480269
47679,2,2,0,casing,aggressive,0,-0.8151529942262035
64980,0,2,0,casing,aggressive,0,-0.7628851100516009
66938,9,2,0,casing,aggressive,0,-0.8523394543163341
79032,0,2,1,casing,aggressive,0,-0.7873660763348648
81778,9,2,0,casing,aggressive,0,-0.8132453872547833
82905,0,2,0,casing,aggressive,0,-0.6391684071497788
85331,1,2,0,casing,aggressive,0,-0.9311920253242671
90723,0,2,0,casing,aggressive,0,-0.7298510066874295
94470,1,2,0,casing,aggressive,0,-0.7440790071109512
98490,4,2,0,casing,aggressive,0,-0.8165488028838256
102221,0,2,0,casing,aggressive,0,-0.6795050285438075
105783,1,2,0,casing,aggressive,0,-0.7516219075956767
111327,35,2,0,casing,aggressive,0,-0.7819467702847905
116373,0,2,0,casing,aggressive,0,-0.855355781113589
120067,0,2,0,casing,aggressive,0,-0.8434541892670062
120579,0,2,0,casing,aggressive,0,-0.7627429297963841
135475,0,2,0,casing,aggressive,0,-0.7130117743324533
135610,3,2,0,casing,aggressive,0,-0.8777062890736904
137852,0,2,0,casing,aggressive,0,-0.8259353487929044
139372,0,2,0,casing,aggressive,0,-0.8442049231515706
145940,7,2,0,casing,aggressive,0,-0.9348265004043063
148171,0,2,0,casing,aggressive,0,-0.8108958134512979
1220,0,2,0,punctuation,none,0,-0.7063415501183512
10906,0,2,0,punctuation,none,0,-0.631469133589925
15086,0,2,0,punctuation,none,0,-0.8921587583596047
19655,2,2,0,punctuation,none,0,-0.44092606662014217
31733,4,2,0,punctuation,none,0,-0.7486538522819451
33385,0,2,0,punctuation,none,0,-0.6658370972283094
33499,22,2,0,punctuation,none,0,-0.899933141182212
37872,2,2,0,punctuation,none,0,-0.7064823219971781
42475,0,2,0,punctuation,none,0,-0.8031081772704021
43461,4,2,1,punctuation,none,0,-0.7229782378507974
43603,0,2,0,punctuation,none,0,-0.8137967797761639
47679,2,2,0,punctuation,none,0,-0.8037071995351047
64980,0,2,0,punctuation,none,0,-0.7429833044614724
66938,9,2,0,punctuation,none,0,-0.7496600479594111
79032,0,2,1,punctuation,none,0,-0.5389114406200898
81778,9,2,0,punctuation,none,0,-0.7796141819153904
82905,0,2,0,punctuation,none,0,-0.7334127835225019
85331,1,2,0,punctuation,none,0,-0.9488693867649668
90723,0,2,0,punctuation,none,0,-0.6064650528807354
94470,1,2,0,punctuation,none,0,-0.7903640639904218
98490,4,2,0,punctuation,none,0,-0.8126171605862135
102221,0,2,0,punctuation,none,0,-0.6223402551779942
105783,1,2,0,punctuation,none,0,-0.7887685821853117
111327,35,2,0,punctuation,none,0,-0.7187828558045749
116373,0,2,0,punctuation,none,0,-0.8197756136130101
120067,0,2,0,punctuation,none,0,-0.8274175253005491
120579,0,2,0,punctuation,none,0,-0.786496111059466
135475,0,2,0,punctuation,none,0,-0.6300814907465274
135610,3,2,0,punctuation,none,0,-0.8985390284970565
137852,0,2,0,punctuation,none,0,-0.7222188136707992
139372,0,2,0,punctuation,none,0,-0.8881420284889077
145940,7,2,0,punctuation,none,0,-0.9320905361196409
148171,0,2,0,punctuation,none,0,-0.8319256998331808
1220,0,2,0,punctuation,minimal,0,-0.7063415501183512
10906,0,2,0,punctuation,minimal,0,-0.631469133589925
15086,0,2,0,punctuation,minimal,0,-0.8921587583596047
19655,2,2,0,punctuation,minimal,0,-0.44092606662014217
31733,4,2,0,punctuation,minimal,0,-0.7486538522819451
33385,0,2,0,punctuation,minimal,0,-0.6658370972283094
33499,22,2,0,punctuation,minimal,0,-0.899933141182212
37872,2,2,0,punctuation,minimal,0,-0.7064823219971781
42475,0,2,0,punctuation,minimal,0,-0.8031081772704021
43461,4,2,1,punctuation,minimal,0,-0.7229782378507974
43603,0,2,0,punctuation,minimal,0,-0.8137967797761639
47679,2,2,0,punctuation,minimal,0,-0.8037071995351047
64980,0,2,0,punctuation,minimal,0,-0.7429833044614724
66938,9,2,0,punctuation,minimal,0,-0.7496600479594111
79032,0,2,1,punctuation,minimal,0,-0.5389114406200898
81778,9,2,0,punctuation,minimal,0,-0.7796141819153904
82905,0,2,0,punctuation,minimal,0,-0.7334127835225019
85331,1,2,0,punctuation,minimal,0,-0.9488693867649668
90723,0,2,0,punctuation,minimal,0,-0.6064650528807354
94470,1,2,0,punctuation,minimal,0,-0.7903640639904218
98490,4,2,0,punctuation,minimal,0,-0.8126171605862135
102221,0,2,0,punctuation,minimal,0,-0.6223402551779942
105783,1,2,0,punctuation,minimal,0,-0.7887685821853117
111327,35,2,0,punctuation,minimal,0,-0.7187828558045749
116373,0,2,0,punctuation,minimal,0,-0.8197756136130101
120067,0,2,0,punctuation,minimal,0,-0.8274175253005491
120579,0,2,0,punctuation,minimal,0,-0.786496111059466
135475,0,2,0,punctuation,minimal,0,-0.6300814907465274
135610,3,2,0,punctuation,minimal,0,-0.8985390284970565
137852,0,2,0,punctuation,minimal,0,-0.7222188136707992
139372,0,2,0,punctuation,minimal,0,-0.8881420284889077
145940,7,2,0,punctuation,minimal,0,-0.9320905361196409
148171,0,2,0,punctuation,minimal,0,-0.8319256998331808
1220,0,2,0,punctuation,noise_aware,0,-0.7063415501183512
10906,0,2,0,punctuation,noise_aware,0,-0.631469133589925
15086,0,2,0,punctuation,noise_aware,0,-0.8921587583596047
19655,2,2,0,punctuation,noise_aware,0,-0.44092606662014217
31733,4,2,0,punctuation,noise_aware,0,-0.7486538522819451
33385,0,2,0,punctuation,noise_aware,0,-0.6658370972283094
33499,22,2,0,punctuation,noise_aware,0,-0.899933141182212
37872,2,2,0,punctuation,noise_aware,0,-0.7064823219971781
42475,0,2,0,punctuation,noise_aware,0,-0.8031081772704021
43461,4,2,1,punctuation,noise_aware,0,-0.7229782378507974
43603,0,2,0,punctuation,noise_aware,0,-0.8137967797761639
47679,2,2,0,punctuation,noise_aware,0,-0.8037071995351047
64980,0,2,0,punctuation,noise_aware,0,-0.7429833044614724
66938,9,2,0,punctuation,noise_aware,0,-0.7496600479594111
79032,0,2,1,punctuation,noise_aware,0,-0.5389114406200898
81778,9,2,0,punctuation,noise_aware,0,-0.7796141819153904
82905,0,2,0,punctuation,noise_aware,0,-0.7334127835225019
85331,1,2,0,punctuation,noise_aware,0,-0.9488693867649668
90723,0,2,0,punctuation,noise_aware,0,-0.6064650528807354
94470,1,2,0,punctuation,noise_aware,0,-0.7903640639904218
98490,4,2,0,punctuation,noise_aware,0,-0.8126171605862135
102221,0,2,0,punctuation,noise_aware,0,-0.6223402551779942
105783,1,2,0,punctuation,noise_aware,0,-0.7887685821853117
111327,35,2,0,punctuation,noise_aware,0,-0.7187828558045749
116373,0,2,0,punctuation,noise_aware,0,-0.8197756136130101
120067,0,2,0,punctuation,noise_aware,0,-0.8274175253005491
120579,0,2,0,punctuation,noise_aware,0,-0.786496111059466
135475,0,2,0,punctuation,noise_aware,0,-0.6300814907465274
135610,3,2,0,punctuation,noise_aware,0,-0.8985390284970565
137852,0,2,0,punctuation,noise_aware,0,-0.7222188136707992
139372,0,2,0,punctuation,noise_aware,0,-0.8881420284889077
145940,7,2,0,punctuation,noise_aware,0,-0.9320905361196409
148171,0,2,0,punctuation,noise_aware,0,-0.8319256998331808
1220,0,2,0,punctuation,aggressive,0,-0.7892181586955915
10906,0,2,0,punctuation,aggressive,0,-0.7003408457987136
15086,0,2,0,punctuation,aggressive,0,-0.8413301356820959
19655,2,2,0,punctuation,aggressive,0,-0.53822822153443
31733,4,2,0,punctuation,aggressive,0,-0.7543397892178149
33385,0,2,0,punctuation,aggressive,0,-0.6093598450681567
33499,22,2,0,punctuation,aggressive,0,-0.8926482604422531
37872,2,2,0,punctuation,aggressive,0,-0.7562701259447142
42475,0,2,0,punctuation,aggressive,0,-0.8094397510598049
43461,4,2,1,punctuation,aggressive,0,-0.79786391975892
43603,0,2,0,punctuation,aggressive,0,-0.805750034480269
47679,2,2,0,punctuation,aggressive,0,-0.8151529942262035
64980,0,2,0,punctuation,aggressive,0,-0.7628851100516009
66938,9,2,0,punctuation,aggressive,0,-0.8523394543163341
79032,0,2,1,punctuation,aggressive,0,-0.7873660763348648
81778,9,2,0,punctuation,aggressive,0,-0.8132453872547833
82905,0,2,0,punctuation,aggressive,0,-0.6391684071497788
85331,1,2,0,punctuation,aggressive,0,-0.9311920253242671
90723,0,2,0,punctuation,aggressive,0,-0.7298510066874295
94470,1,2,0,punctuation,aggressive,0,-0.7440790071109512
98490,4,2,0,punctuation,aggressive,0,-0.8165488028838256
102221,0,2,0,punctuation,aggressive,0,-0.6795050285438075
105783,1,2,0,punctuation,aggressive,0,-0.7516219075956767
111327,35,2,0,punctuation,aggressive,0,-0.7819467702847905
116373,0,2,0,punctuation,aggressive,0,-0.855355781113589
120067,0,2,0,punctuation,aggressive,0,-0.8434541892670062
120579,0,2,0,punctuation,aggressive,0,-0.7627429297963841
135475,0,2,0,punctuation,aggressive,0,-0.7130117743324533
135610,3,2,0,punctuation,aggressive,0,-0.8777062890736904
137852,0,2,0,punctuation,aggressive,0,-0.8259353487929044
139372,0,2,0,punctuation,aggressive,0,-0.8442049231515706
145940,7,2,0,punctuation,aggressive,0,-0.9348265004043063
148171,0,2,0,punctuation,aggressive,0,-0.8108958134512979
1220,0,2,0,whitespace,none,0,-0.701315316400443
10906,0,2,0,whitespace,none,0,-0.6170651453955582
15086,0,2,0,whitespace,none,0,-0.882834264129954
19655,2,2,0,whitespace,none,0,-0.42297356567668154
31733,4,2,0,whitespace,none,0,-0.7541284176491787
33385,0,2,0,whitespace,none,0,-0.6359805679612405
33499,22,2,0,whitespace,none,0,-0.8868007540833499
37872,2,2,0,whitespace,none,0,-0.6912972909489928
42475,0,2,0,whitespace,none,0,-0.8196404044232284
43461,4,2,1,whitespace,none,0,-0.7052648669299885
43603,0,2,0,whitespace,none,0,-0.8150376062586763
47679,2,2,0,whitespace,none,0,-0.8378630750142594
64980,0,2,0,whitespace,none,0,-0.7429833044614724
66938,9,2,0,whitespace,none,0,-0.7178439405559413
79032,0,2,1,whitespace,none,0,-0.5339658415552797
81778,9,2,0,whitespace,none,0,-0.7949639732031513
82905,0,2,0,whitespace,none,0,-0.7334127835225019
85331,1,2,0,whitespace,none,0,-0.9678738938397975
90723,0,2,0,whitespace,none,0,-0.6019921614731132
94470,1,2,0,whitespace,none,0,-0.7843237651847346
98490,4,2,0,whitespace,none,0,-0.8153069082426169
102221,0,2,0,whitespace,none,0,-0.6282239700311605
105783,1,2,0,whitespace,none,0,-0.7880985527473883
111327,35,2,0,whitespace,none,0,-0.7205497200285015
116373,0,2,0,whitespace,none,0,-0.7881971344909557
120067,0,2,0,whitespace,none,0,-0.8390069768632311
120579,0,2,0,whitespace,none,0,-0.8051659051761549
135475,0,2,0,whitespace,none,0,-0.6118507241467681
135610,3,2,0,whitespace,none,0,-0.9071599289745579
137852,0,2,0,whitespace,none,0,-0.7231396382021492
139372,0,2,0,whitespace,none,0,-0.9058984100622548
145940,7,2,0,whitespace,none,0,-0.9289160157146028
148171,0,2,0,whitespace,none,0,-0.8209676943623461
1220,0,2,0,whitespace,minimal,0,-0.701315316400443
10906,0,2,0,whitespace,minimal,0,-0.6170651453955582
15086,0,2,0,whitespace,minimal,0,-0.882834264129954
19655,2,2,0,whitespace,minimal,0,-0.42297356567668154
31733,4,2,0,whitespace,minimal,0,-0.7541284176491787
33385,0,2,0,whitespace,minimal,0,-0.6359805679612405
33499,22,2,0,whitespace,minimal,0,-0.8868007540833499
37872,2,2,0,whitespace,minimal,0,-0.6912972909489928
42475,0,2,0,whitespace,minimal,0,-0.8196404044232284
43461,4,2,1,whitespace,minimal,0,-0.7052648669299885
43603,0,2,0,whitespace,minimal,0,-0.8150376062586763
47679,2,2,0,whitespace,minimal,0,-0.8378630750142594
64980,0,2,0,whitespace,minimal,0,-0.7429833044614724
66938,9,2,0,whitespace,minimal,0,-0.7178439405559413
79032,0,2,1,whitespace,minimal,0,-0.5339658415552797
81778,9,2,0,whitespace,minimal,0,-0.7949639732031513
82905,0,2,0,whitespace,minimal,0,-0.7334127835225019
85331,1,2,0,whitespace,minimal,0,-0.9678738938397975
90723,0,2,0,whitespace,minimal,0,-0.6019921614731132
94470,1,2,0,whitespace,minimal,0,-0.7843237651847346
98490,4,2,0,whitespace,minimal,0,-0.8153069082426169
102221,0,2,0,whitespace,minimal,0,-0.6282239700311605
105783,1,2,0,whitespace,minimal,0,-0.7880985527473883
111327,35,2,0,whitespace,minimal,0,-0.7205497200285015
116373,0,2,0,whitespace,minimal,0,-0.7881971344909557
120067,0,2,0,whitespace,minimal,0,-0.8390069768632311
120579,0,2,0,whitespace,minimal,0,-0.8051659051761549
135475,0,2,0,whitespace,minimal,0,-0.6118507241467681
135610,3,2,0,whitespace,minimal,0,-0.9071599289745579
137852,0,2,0,whitespace,minimal,0,-0.7231396382021492
139372,0,2,0,whitespace,minimal,0,-0.9058984100622548
145940,7,2,0,whitespace,minimal,0,-0.9289160157146028
148171,0,2,0,whitespace,minimal,0,-0.8209676943623461
1220,0,2,0,whitespace,noise_aware,0,-0.701315316400443
10906,0,2,0,whitespace,noise_aware,0,-0.6170651453955582
15086,0,2,0,whitespace,noise_aware,0,-0.882834264129954
19655,2,2,0,whitespace,noise_aware,0,-0.42297356567668154
31733,4,2,0,whitespace,noise_aware,0,-0.7541284176491787
33385,0,2,0,whitespace,noise_aware,0,-0.6359805679612405
33499,22,2,0,whitespace,noise_aware,0,-0.8868007540833499
37872,2,2,0,whitespace,noise_aware,0,-0.6912972909489928
42475,0,2,0,whitespace,noise_aware,0,-0.8196404044232284
43461,4,2,1,whitespace,noise_aware,0,-0.7052648669299885
43603,0,2,0,whitespace,noise_aware,0,-0.8150376062586763
47679,2,2,0,whitespace,noise_aware,0,-0.8378630750142594
64980,0,2,0,whitespace,noise_aware,0,-0.7429833044614724
66938,9,2,0,whitespace,noise_aware,0,-0.7178439405559413
79032,0,2,1,whitespace,noise_aware,0,-0.5339658415552797
81778,9,2,0,whitespace,noise_aware,0,-0.7949639732031513
82905,0,2,0,whitespace,noise_aware,0,-0.7334127835225019
85331,1,2,0,whitespace,noise_aware,0,-0.9678738938397975
90723,0,2,0,whitespace,noise_aware,0,-0.6019921614731132
94470,1,2,0,whitespace,noise_aware,0,-0.7843237651847346
98490,4,2,0,whitespace,noise_aware,0,-0.8153069082426169
102221,0,2,0,whitespace,noise_aware,0,-0.6282239700311605
105783,1,2,0,whitespace,noise_aware,0,-0.7880985527473883
111327,35,2,0,whitespace,noise_aware,0,-0.7205497200285015
116373,0,2,0,whitespace,noise_aware,0,-0.7881971344909557
120067,0,2,0,whitespace,noise_aware,0,-0.8390069768632311
120579,0,2,0,whitespace,noise_aware,0,-0.8051659051761549
135475,0,2,0,whitespace,noise_aware,0,-0.6118507241467681
135610,3,2,0,whitespace,noise_aware,0,-0.9071599289745579
137852,0,2,0,whitespace,noise_aware,0,-0.7231396382021492
139372,0,2,0,whitespace,noise_aware,0,-0.9058984100622548
145940,7,2,0,whitespace,noise_aware,0,-0.9289160157146028
148171,0,2,0,whitespace,noise_aware,0,-0.8209676943623461
1220,0,2,0,whitespace,aggressive,0,-0.7899545277224221
10906,0,2,0,whitespace,aggressive,0,-0.6978038168946419
15086,0,2,0,whitespace,aggressive,0,-0.8409275141835384
19655,2,2,0,whitespace,aggressive,0,-0.5324102888261343
31733,4,2,0,whitespace,aggressive,0,-0.7573324580794824
33385,0,2,0,whitespace,aggressive,0,-0.6087502188255749
33499,22,2,0,whitespace,aggressive,0,-0.8926482604422531
37872,2,2,0,whitespace,aggressive,0,-0.7520616821513108
42475,0,2,0,whitespace,aggressive,0,-0.8158607450988565
43461,4,2,1,whitespace,aggressive,0,-0.7913291281231724
43603,0,2,0,whitespace,aggressive,0,-0.8078593779733193
47679,2,2,0,whitespace,aggressive,0,-0.8151529942262035
64980,0,2,0,whitespace,aggressive,0,-0.7628851100516009
66938,9,2,0,whitespace,aggressive,0,-0.834530558443224
79032,0,2,1,whitespace,aggressive,0,-0.786220891546847
81778,9,2,0,whitespace,aggressive,0,-0.8132396266259968
82905,0,2,0,whitespace,aggressive,0,-0.6391684071497788
85331,1,2,0,whitespace,aggressive,0,-0.9439177463049786
90723,0,2,0,whitespace,aggressive,0,-0.731242101125148
94470,1,2,0,whitespace,aggressive,0,-0.7392097265358379
98490,4,2,0,whitespace,aggressive,0,-0.8221641914328187
102221,0,2,0,whitespace,aggressive,0,-0.6759259777115977
105783,1,2,0,whitespace,aggressive,0,-0.7516219075956767
111327,35,2,0,whitespace,aggressive,0,-0.7774554294960629
116373,0,2,0,whitespace,aggressive,0,-0.8462800967924883
120067,0,2,0,whitespace,aggressive,0,-0.8400054294063564
120579,0,2,0,whitespace,aggressive,0,-0.7768250318299492
135475,0,2,0,whitespace,aggressive,0,-0.7170824441829202
135610,3,2,0,whitespace,aggressive,0,-0.8653495333594613
137852,0,2,0,whitespace,aggressive,0,-0.7990955120837102
139372,0,2,0,whitespace,aggressive,0,-0.84292489035213
145940,7,2,0,whitespace,aggressive,0,-0.9357379190701735
148171,0,2,0,whitespace,aggressive,0,-0.8041456047737489
1220,0,2,0,typo,none,0,-0.6963451554580647
10906,0,2,0,typo,none,0,-0.6311037228910372
15086,0,2,0,typo,none,0,-0.8854737340037852
19655,2,2,0,typo,none,0,-0.4381586073020608
31733,4,2,0,typo,none,0,-0.778961713078622
33385,0,2,0,typo,none,0,-0.6500016336276615
33499,22,2,0,typo,none,0,-0.911884376827835
37872,2,2,0,typo,none,0,-0.7048607250064963
42475,0,2,0,typo,none,0,-0.7989760081223124
43461,4,2,1,typo,none,0,-0.716042824000063
43603,0,2,0,typo,none,0,-0.8137967797761639
47679,2,2,0,typo,none,0,-0.8037071995351047
64980,0,2,0,typo,none,0,-0.7429833044614724
66938,9,2,0,typo,none,0,-0.7321441328204281
79032,0,2,1,typo,none,0,-0.5253623438187333
81778,9,2,0,typo,none,0,-0.7844139156912241
82905,0,2,0,typo,none,0,-0.7334127835225019
85331,1,2,0,typo,none,0,-0.9397910166739922
90723,0,2,0,typo,none,0,-0.5973109053136809
94470,1,2,0,typo,none,0,-0.7874177447709403
98490,4,2,0,typo,none,0,-0.8123695244924836
102221,0,2,0,typo,none,0,-0.6292300195516449
105783,1,2,0,typo,none,0,-0.7892696966903106
111327,35,2,0,typo,none,0,-0.7068594223073064
116373,0,2,0,typo,none,0,-0.8384669536771869
120067,0,2,0,typo,none,0,-0.8299840233020331
120579,0,2,0,typo,none,0,-0.7873911443810373
135475,0,2,0,typo,none,0,-0.6249512140113098
135610,3,2,0,typo,none,0,-0.9046254816640094
137852,0,2,0,typo,none,0,-0.7213551162641907
139372,0,2,0,typo,none,0,-0.8839058338946091
145940,7,2,0,typo,none,0,-0.928714581027454
148171,0,2,0,typo,none,0,-0.8315288855734517
1220,0,2,0,typo,minimal,0,-0.6963451554580647
10906,0,2,0,typo,minimal,0,-0.6311037228910372
15086,0,2,0,typo,minimal,0,-0.8854737340037852
19655,2,2,0,typo,minimal,0,-0.4381586073020608
31733,4,2,0,typo,minimal,0,-0.778961713078622
33385,0,2,0,typo,minimal,0,-0.6500016336276615
33499,22,2,0,typo,minimal,0,-0.911884376827835
37872,2,2,0,typo,minimal,0,-0.7048607250064963
42475,0,2,0,typo,minimal,0,-0.7989760081223124
43461,4,2,1,typo,minimal,0,-0.716042824000063
43603,0,2,0,typo,minimal,0,-0.8137967797761639
47679,2,2,0,typo,minimal,0,-0.8037071995351047
64980,0,2,0,typo,minimal,0,-0.7429833044614724
66938,9,2,0,typo,minimal,0,-0.7321441328204281
79032,0,2,1,typo,minimal,0,-0.5253623438187333
81778,9,2,0,typo,minimal,0,-0.7844139156912241
82905,0,2,0,typo,minimal,0,-0.7334127835225019
85331,1,2,0,typo,minimal,0,-0.9397910166739922
90723,0,2,0,typo,minimal,0,-0.5973109053136809
94470,1,2,0,typo,minimal,0,-0.7874177447709403
98490,4,2,0,typo,minimal,0,-0.8123695244924836
102221,0,2,0,typo,minimal,0,-0.6292300195516449
105783,1,2,0,typo,minimal,0,-0.7892696966903106
111327,35,2,0,typo,minimal,0,-0.7068594223073064
116373,0,2,0,typo,minimal,0,-0.8384669536771869
120067,0,2,0,typo,minimal,0,-0.8299840233020331
120579,0,2,0,typo,minimal,0,-0.7873911443810373
135475,0,2,0,typo,minimal,0,-0.6249512140113098
135610,3,2,0,typo,minimal,0,-0.9046254816640094
137852,0,2,0,typo,minimal,0,-0.7213551162641907
139372,0,2,0,typo,minimal,0,-0.8839058338946091
145940,7,2,0,typo,minimal,0,-0.928714581027454
148171,0,2,0,typo,minimal,0,-0.8315288855734517
1220,0,2,0,typo,noise_aware,0,-0.6963451554580647
10906,0,2,0,typo,noise_aware,0,-0.6311037228910372
15086,0,2,0,typo,noise_aware,0,-0.8854737340037852
19655,2,2,0,typo,noise_aware,0,-0.4381586073020608
31733,4,2,0,typo,noise_aware,0,-0.778961713078622
33385,0,2,0,typo,noise_aware,0,-0.6500016336276615
33499,22,2,0,typo,noise_aware,0,-0.911884376827835
37872,2,2,0,typo,noise_aware,0,-0.7048607250064963
42475,0,2,0,typo,noise_aware,0,-0.7989760081223124
43461,4,2,1,typo,noise_aware,0,-0.716042824000063
43603,0,2,0,typo,noise_aware,0,-0.8137967797761639
47679,2,2,0,typo,noise_aware,0,-0.8037071995351047
64980,0,2,0,typo,noise_aware,0,-0.7429833044614724
66938,9,2,0,typo,noise_aware,0,-0.7321441328204281
79032,0,2,1,typo,noise_aware,0,-0.5253623438187333
81778,9,2,0,typo,noise_aware,0,-0.7844139156912241
82905,0,2,0,typo,noise_aware,0,-0.7334127835225019
85331,1,2,0,typo,noise_aware,0,-0.9397910166739922
90723,0,2,0,typo,noise_aware,0,-0.5973109053136809
94470,1,2,0,typo,noise_aware,0,-0.7874177447709403
98490,4,2,0,typo,noise_aware,0,-0.8123695244924836
102221,0,2,0,typo,noise_aware,0,-0.6292300195516449
105783,1,2,0,typo,noise_aware,0,-0.7892696966903106
111327,35,2,0,typo,noise_aware,0,-0.7068594223073064
116373,0,2,0,typo,noise_aware,0,-0.8384669536771869
120067,0,2,0,typo,noise_aware,0,-0.8299840233020331
120579,0,2,0,typo,noise_aware,0,-0.7873911443810373
135475,0,2,0,typo,noise_aware,0,-0.6249512140113098
135610,3,2,0,typo,noise_aware,0,-0.9046254816640094
137852,0,2,0,typo,noise_aware,0,-0.7213551162641907
139372,0,2,0,typo,noise_aware,0,-0.8839058338946091
145940,7,2,0,typo,noise_aware,0,-0.928714581027454
148171,0,2,0,typo,noise_aware,0,-0.8315288855734517
1220,0,2,0,typo,aggressive,0,-0.7837446115957399
10906,0,2,0,typo,aggressive,0,-0.7003477533949651
15086,0,2,0,typo,aggressive,0,-0.8357353441681346
19655,2,2,0,typo,aggressive,0,-0.5232553222337073
31733,4,2,0,typo,aggressive,0,-0.7879182413582704
33385,0,2,0,typo,aggressive,0,-0.6093598450681567
33499,22,2,0,typo,aggressive,0,-0.9161727858413928
37872,2,2,0,typo,aggressive,0,-0.7586562532792894
42475,0,2,0,typo,aggressive,0,-0.8061603364159293
43461,4,2,1,typo,aggressive,0,-0.79786391975892
43603,0,2,0,typo,aggressive,0,-0.805750034480269
47679,2,2,0,typo,aggressive,0,-0.8151529942262035
64980,0,2,0,typo,aggressive,0,-0.7628851100516009
66938,9,2,0,typo,aggressive,0,-0.8413267472139747
79032,0,2,1,typo,aggressive,0,-0.7848429965098569
81778,9,2,0,typo,aggressive,0,-0.8104984247940129
82905,0,2,0,typo,aggressive,0,-0.6391684071497788
85331,1,2,0,typo,aggressive,0,-0.9233973104331257
90723,0,2,0,typo,aggressive,0,-0.7256652303932641
94470,1,2,0,typo,aggressive,0,-0.7419142800629945
98490,4,2,0,typo,aggressive,0,-0.8173523037455016
102221,0,2,0,typo,aggressive,0,-0.6856552643301882
105783,1,2,0,typo,aggressive,0,-0.7516219075956767
111327,35,2,0,typo,aggressive,0,-0.7697474639697353
116373,0,2,0,typo,aggressive,0,-0.855355781113589
120067,0,2,0,typo,aggressive,0,-0.8531998663041844
120579,0,2,0,typo,aggressive,0,-0.7605874673308496
135475,0,2,0,typo,aggressive,0,-0.7088669252024881
135610,3,2,0,typo,aggressive,0,-0.880763654818226
137852,0,2,0,typo,aggressive,0,-0.8140373040564104
139372,0,2,0,typo,aggressive,0,-0.83859148394574
145940,7,2,0,typo,aggressive,0,-0.9320845108812662
148171,0,2,0,typo,aggressive,0,-0.8115822563986789
1220,0,2,0,word_deletion,none,0,-0.7004090930995099
10906,0,2,0,word_deletion,none,0,-0.6405113813365314
15086,0,2,0,word_deletion,none,0,-0.8969642781915742
19655,2,2,0,word_deletion,none,0,-0.44092606662014217
31733,4,2,0,word_deletion,none,0,-0.7454323834667198
33385,0,2,0,word_deletion,none,0,-0.7189869423941179
33499,22,2,0,word_deletion,none,0,-0.8999619786561723
37872,2,2,0,word_deletion,none,0,-0.7048645680719708
42475,0,2,0,word_deletion,none,0,-0.8164826174877029
43461,4,2,1,word_deletion,none,0,-0.7162812751693263
43603,0,2,0,word_deletion,none,0,-0.7991306171269807
47679,2,2,0,word_deletion,none,0,-0.8037071995351047
64980,0,2,0,word_deletion,none,0,-0.7429833044614724
66938,9,2,0,word_deletion,none,0,-0.7612808379796447
79032,0,2,1,word_deletion,none,0,-0.5352589040563592
81778,9,2,0,word_deletion,none,0,-0.7770153866603525
82905,0,2,0,word_deletion,none,0,-0.7334127835225019
85331,1,2,0,word_deletion,none,0,-0.9622272685312206
90723,0,2,0,word_deletion,none,0,-0.5982894756668555
94470,1,2,0,word_deletion,none,0,-0.7868575474590673
98490,4,2,0,word_deletion,none,0,-0.8094255906452342
102221,0,2,0,word_deletion,none,0,-0.6126616642180036
105783,1,2,0,word_deletion,none,0,-0.7887685821853117
111327,35,2,0,word_deletion,none,0,-0.7029149466040524
116373,0,2,0,word_deletion,none,0,-0.8197756136130101
120067,0,2,0,word_deletion,none,0,-0.8375813083070415
120579,0,2,0,word_deletion,none,0,-0.7851184092102784
135475,0,2,0,word_deletion,none,0,-0.6348863226713808
135610,3,2,0,word_deletion,none,0,-0.8912472396876576
137852,0,2,0,word_deletion,none,0,-0.7123279823453393
139372,0,2,0,word_deletion,none,0,-0.8862998148374717
145940,7,2,0,word_deletion,none,0,-0.929985440777408
148171,0,2,0,word_deletion,none,0,-0.823756999550714
1220,0,2,0,word_deletion,minimal,0,-0.7004090930995099
10906,0,2,0,word_deletion,minimal,0,-0.6405113813365314
15086,0,2,0,word_deletion,minimal,0,-0.8969642781915742
19655,2,2,0,word_deletion,minimal,0,-0.44092606662014217
31733,4,2,0,word_deletion,minimal,0,-0.7454323834667198
33385,0,2,0,word_deletion,minimal,0,-0.7189869423941179
33499,22,2,0,word_deletion,minimal,0,-0.8999619786561723
37872,2,2,0,word_deletion,minimal,0,-0.7048645680719708
42475,0,2,0,word_deletion,minimal,0,-0.8164826174877029
43461,4,2,1,word_deletion,minimal,0,-0.7162812751693263
43603,0,2,0,word_deletion,minimal,0,-0.7991306171269807
47679,2,2,0,word_deletion,minimal,0,-0.8037071995351047
64980,0,2,0,word_deletion,minimal,0,-0.7429833044614724
66938,9,2,0,word_deletion,minimal,0,-0.7612808379796447
79032,0,2,1,word_deletion,minimal,0,-0.5352589040563592
81778,9,2,0,word_deletion,minimal,0,-0.7770153866603525
82905,0,2,0,word_deletion,minimal,0,-0.7334127835225019
85331,1,2,0,word_deletion,minimal,0,-0.9622272685312206
90723,0,2,0,word_deletion,minimal,0,-0.5982894756668555
94470,1,2,0,word_deletion,minimal,0,-0.7868575474590673
98490,4,2,0,word_deletion,minimal,0,-0.8094255906452342
102221,0,2,0,word_deletion,minimal,0,-0.6126616642180036
105783,1,2,0,word_deletion,minimal,0,-0.7887685821853117
111327,35,2,0,word_deletion,minimal,0,-0.7029149466040524
116373,0,2,0,word_deletion,minimal,0,-0.8197756136130101
120067,0,2,0,word_deletion,minimal,0,-0.8375813083070415
120579,0,2,0,word_deletion,minimal,0,-0.7851184092102784
135475,0,2,0,word_deletion,minimal,0,-0.6348863226713808
135610,3,2,0,word_deletion,minimal,0,-0.8912472396876576
137852,0,2,0,word_deletion,minimal,0,-0.7123279823453393
139372,0,2,0,word_deletion,minimal,0,-0.8862998148374717
145940,7,2,0,word_deletion,minimal,0,-0.929985440777408
148171,0,2,0,word_deletion,minimal,0,-0.823756999550714
1220,0,2,0,word_deletion,noise_aware,0,-0.7004090930995099
10906,0,2,0,word_deletion,noise_aware,0,-0.6405113813365314
15086,0,2,0,word_deletion,noise_aware,0,-0.8969642781915742
19655,2,2,0,word_deletion,noise_aware,0,-0.44092606662014217
31733,4,2,0,word_deletion,noise_aware,0,-0.7454323834667198
33385,0,2,0,word_deletion,noise_aware,0,-0.7189869423941179
33499,22,2,0,word_deletion,noise_aware,0,-0.8999619786561723
37872,2,2,0,word_deletion,noise_aware,0,-0.7048645680719708
42475,0,2,0,word_deletion,noise_aware,0,-0.8164826174877029
43461,4,2,1,word_deletion,noise_aware,0,-0.7162812751693263
43603,0,2,0,word_deletion,noise_aware,0,-0.7991306171269807
47679,2,2,0,word_deletion,noise_aware,0,-0.8037071995351047
64980,0,2,0,word_deletion,noise_aware,0,-0.7429833044614724
66938,9,2,0,word_deletion,noise_aware,0,-0.7612808379796447
79032,0,2,1,word_deletion,noise_aware,0,-0.5352589040563592
81778,9,2,0,word_deletion,noise_aware,0,-0.7770153866603525
82905,0,2,0,word_deletion,noise_aware,0,-0.7334127835225019
85331,1,2,0,word_deletion,noise_aware,0,-0.9622272685312206
90723,0,2,0,word_deletion,noise_aware,0,-0.5982894756668555
94470,1,2,0,word_deletion,noise_aware,0,-0.7868575474590673
98490,4,2,0,word_deletion,noise_aware,0,-0.8094255906452342
102221,0,2,0,word_deletion,noise_aware,0,-0.6126616642180036
105783,1,2,0,word_deletion,noise_aware,0,-0.7887685821853117
111327,35,2,0,word_deletion,noise_aware,0,-0.7029149466040524
116373,0,2,0,word_deletion,noise_aware,0,-0.8197756136130101
120067,0,2,0,word_deletion,noise_aware,0,-0.8375813083070415
120579,0,2,0,word_deletion,noise_aware,0,-0.7851184092102784
135475,0,2,0,word_deletion,noise_aware,0,-0.6348863226713808
135610,3,2,0,word_deletion,noise_aware,0,-0.8912472396876576
137852,0,2,0,word_deletion,noise_aware,0,-0.7123279823453393
139372,0,2,0,word_deletion,noise_aware,0,-0.8862998148374717
145940,7,2,0,word_deletion,noise_aware,0,-0.929985440777408
148171,0,2,0,word_deletion,noise_aware,0,-0.823756999550714
1220,0,2,0,word_deletion,aggressive,0,-0.7896305608421086
10906,0,2,0,word_deletion,aggressive,0,-0.6979546908236376
15086,0,2,0,word_deletion,aggressive,0,-0.8379592790698221
19655,2,2,0,word_deletion,aggressive,0,-0.53822822153443
31733,4,2,0,word_deletion,aggressive,0,-0.7486635340397347
33385,0,2,0,word_deletion,aggressive,0,-0.703112088714126
33499,22,2,0,word_deletion,aggressive,0,-0.8926482604422531
37872,2,2,0,word_deletion,aggressive,0,-0.7527497371463068
42475,0,2,0,word_deletion,aggressive,0,-0.8060446145529523
43461,4,2,1,word_deletion,aggressive,0,-0.79786391975892
43603,0,2,0,word_deletion,aggressive,0,-0.805750034480269
47679,2,2,0,word_deletion,aggressive,0,-0.8151529942262035
64980,0,2,0,word_deletion,aggressive,0,-0.7628851100516009
66938,9,2,0,word_deletion,aggressive,0,-0.8536886634881222
79032,0,2,1,word_deletion,aggressive,0,-0.7871894114838903
81778,9,2,0,word_deletion,aggressive,0,-0.8110525221355804
82905,0,2,0,word_deletion,aggressive,0,-0.6391684071497788
85331,1,2,0,word_deletion,aggressive,0,-0.9311920253242671
90723,0,2,0,word_deletion,aggressive,0,-0.7190330014107863
94470,1,2,0,word_deletion,aggressive,0,-0.7440790071109512
98490,4,2,0,word_deletion,aggressive,0,-0.8165488028838256
102221,0,2,0,word_deletion,aggressive,0,-0.6728446559975865
105783,1,2,0,word_deletion,aggressive,0,-0.7516219075956767
111327,35,2,0,word_deletion,aggressive,0,-0.7711008037627263
116373,0,2,0,word_deletion,aggressive,0,-0.855355781113589
120067,0,2,0,word_deletion,aggressive,0,-0.8403150500106158
120579,0,2,0,word_deletion,aggressive,0,-0.7627429297963841
135475,0,2,0,word_deletion,aggressive,0,-0.7101662626781418
135610,3,2,0,word_deletion,aggressive,0,-0.87298244618464
137852,0,2,0,word_deletion,aggressive,0,-0.8212932150432865
139372,0,2,0,word_deletion,aggressive,0,-0.8450848915640028
145940,7,2,0,word_deletion,aggressive,0,-0.9320845108812662
148171,0,2,0,word_deletion,aggressive,0,-0.8080413770181226
1220,0,2,0,filler,none,0,-0.6892200566665904
10906,0,2,0,filler,none,0,-0.6255316888303359
15086,0,2,0,filler,none,0,-0.883771346866738
19655,2,2,0,filler,none,0,-0.43478120068153414
31733,4,2,0,filler,none,0,-0.7375364927513748
33385,0,2,0,filler,none,0,-0.6658370972283094
33499,22,2,0,filler,none,0,-0.9003698169523866
37872,2,2,0,filler,none,0,-0.6996612221828636
42475,0,2,0,filler,none,0,-0.794166425485087
43461,4,2,1,filler,none,0,-0.7191910152451088
43603,0,2,0,filler,none,0,-0.8154611561081863
47679,2,2,0,filler,none,0,-0.8037071995351047
64980,0,2,0,filler,none,0,-0.7429833044614724
66938,9,2,0,filler,none,0,-0.7361186690571738
79032,0,2,1,filler,none,0,-0.5250375464426453
81778,9,2,0,filler,none,0,-0.7704403506463491
82905,0,2,0,filler,none,0,-0.7334127835225019
85331,1,2,0,filler,none,0,-0.9451125687663645
90723,0,2,0,filler,none,0,-0.6144438694768513
94470,1,2,0,filler,none,0,-0.7812676503689914
98490,4,2,0,filler,none,0,-0.8022906299978881
102221,0,2,0,filler,none,0,-0.6158498054476955
105783,1,2,0,filler,none,0,-0.7887685821853117
111327,35,2,0,filler,none,0,-0.7059585586321229
116373,0,2,0,filler,none,0,-0.8116986877861134
120067,0,2,0,filler,none,0,-0.8194955353850679
120579,0,2,0,filler,none,0,-0.7813525268674075
135475,0,2,0,filler,none,0,-0.6246157555081379
135610,3,2,0,filler,none,0,-0.8780149945943927
137852,0,2,0,filler,none,0,-0.71534697686149
139372,0,2,0,filler,none,0,-0.8731883237397399
145940,7,2,0,filler,none,0,-0.9215525444416486
148171,0,2,0,filler,none,0,-0.8219607222745355
1220,0,2,0,filler,minimal,0,-0.6892200566665904
10906,0,2,0,filler,minimal,0,-0.6255316888303359
15086,0,2,0,filler,minimal,0,-0.883771346866738
19655,2,2,0,filler,minimal,0,-0.43478120068153414
31733,4,2,0,filler,minimal,0,-0.7375364927513748
33385,0,2,0,filler,minimal,0,-0.6658370972283094
33499,22,2,0,filler,minimal,0,-0.9003698169523866
37872,2,2,0,filler,minimal,0,-0.6996612221828636
42475,0,2,0,filler,minimal,0,-0.794166425485087
43461,4,2,1,filler,minimal,0,-0.7191910152451088
43603,0,2,0,filler,minimal,0,-0.8154611561081863
47679,2,2,0,filler,minimal,0,-0.8037071995351047
64980,0,2,0,filler,minimal,0,-0.7429833044614724
66938,9,2,0,filler,minimal,0,-0.7361186690571738
79032,0,2,1,filler,minimal,0,-0.5250375464426453
81778,9,2,0,filler,minimal,0,-0.7704403506463491
82905,0,2,0,filler,minimal,0,-0.7334127835225019
85331,1,2,0,filler,minimal,0,-0.9451125687663645
90723,0,2,0,filler,minimal,0,-0.6144438694768513
94470,1,2,0,filler,minimal,0,-0.7812676503689914
98490,4,2,0,filler,minimal,0,-0.8022906299978881
102221,0,2,0,filler,minimal,0,-0.6158498054476955
105783,1,2,0,filler,minimal,0,-0.7887685821853117
111327,35,2,0,filler,minimal,0,-0.7059585586321229
116373,0,2,0,filler,minimal,0,-0.8116986877861134
120067,0,2,0,filler,minimal,0,-0.8194955353850679
120579,0,2,0,filler,minimal,0,-0.7813525268674075
135475,0,2,0,filler,minimal,0,-0.6246157555081379
135610,3,2,0,filler,minimal,0,-0.8780149945943927
137852,0,2,0,filler,minimal,0,-0.71534697686149
139372,0,2,0,filler,minimal,0,-0.8731883237397399
145940,7,2,0,filler,minimal,0,-0.9215525444416486
148171,0,2,0,filler,minimal,0,-0.8219607222745355
1220,0,2,0,filler,noise_aware,0,-0.6898571046461955
10906,0,2,0,filler,noise_aware,0,-0.6255316888303359
15086,0,2,0,filler,noise_aware,0,-0.8860425008384303
19655,2,2,0,filler,noise_aware,0,-0.4347509089112749
31733,4,2,0,filler,noise_aware,0,-0.7336676151087601
33385,0,2,0,filler,noise_aware,0,-0.6658370972283094
33499,22,2,0,filler,noise_aware,0,-0.9007195227707427
37872,2,2,0,filler,noise_aware,0,-0.6999438827673508
42475,0,2,0,filler,noise_aware,0,-0.7996518903306041
43461,4,2,1,filler,noise_aware,0,-0.7212449705013877
43603,0,2,0,filler,noise_aware,0,-0.8154611561081863
47679,2,2,0,filler,noise_aware,0,-0.8037071995351047
64980,0,2,0,filler,noise_aware,0,-0.7429833044614724
66938,9,2,0,filler,noise_aware,0,-0.7394558954523406
79032,0,2,1,filler,noise_aware,0,-0.5250375464426453
81778,9,2,0,filler,noise_aware,0,-0.7698340168966596
82905,0,2,0,filler,noise_aware,0,-0.7334127835225019
85331,1,2,0,filler,noise_aware,0,-0.9481479406387834
90723,0,2,0,filler,noise_aware,0,-0.6143521408122351
94470,1,2,0,filler,noise_aware,0,-0.7817845141788261
98490,4,2,0,filler,noise_aware,0,-0.8022906299978881
102221,0,2,0,filler,noise_aware,0,-0.618949064139879
105783,1,2,0,filler,noise_aware,0,-0.7887685821853117
111327,35,2,0,filler,noise_aware,0,-0.7097595299616695
116373,0,2,0,filler,noise_aware,0,-0.8197756136130101
120067,0,2,0,filler,noise_aware,0,-0.8212055344996888
120579,0,2,0,filler,noise_aware,0,-0.7829335572704256
135475,0,2,0,filler,noise_aware,0,-0.6246157555081379
135610,3,2,0,filler,noise_aware,0,-0.8780149945943927
137852,0,2,0,filler,noise_aware,0,-0.7171757523028207
139372,0,2,0,filler,noise_aware,0,-0.8733278857138307
145940,7,2,0,filler,noise_aware,0,-0.9215525444416486
148171,0,2,0,filler,noise_aware,0,-0.8219607222745355
1220,0,2,0,filler,aggressive,0,-0.7753680371305773
10906,0,2,0,filler,aggressive,0,-0.6850674674819115
15086,0,2,0,filler,aggressive,0,-0.8357599946828363
19655,2,2,0,filler,aggressive,0,-0.5304735302214978
31733,4,2,0,filler,aggressive,0,-0.7390327652541635
33385,0,2,0,filler,aggressive,0,-0.6093598450681567
33499,22,2,0,filler,aggressive,0,-0.8926482604422531
37872,2,2,0,filler,aggressive,0,-0.7419036724891406
42475,0,2,0,filler,aggressive,0,-0.7949098572328466
43461,4,2,1,filler,aggressive,0,-0.7874248592524375
43603,0,2,0,filler,aggressive,0,-0.805750034480269
47679,2,2,0,filler,aggressive,0,-0.8151529942262035
64980,0,2,0,filler,aggressive,0,-0.7628851100516009
66938,9,2,0,filler,aggressive,0,-0.8311917286431935
79032,0,2,1,filler,aggressive,0,-0.7718200915479662
81778,9,2,0,filler,aggressive,0,-0.7958283552746082
82905,0,2,0,filler,aggressive,0,-0.6391684071497788
85331,1,2,0,filler,aggressive,0,-0.9311920253242671
90723,0,2,0,filler,aggressive,0,-0.7298510066874295
94470,1,2,0,filler,aggressive,0,-0.7265831795307331
98490,4,2,0,filler,aggressive,0,-0.7998699723370933
102221,0,2,0,filler,aggressive,0,-0.6709983309742846
105783,1,2,0,filler,aggressive,0,-0.7516219075956767
111327,35,2,0,filler,aggressive,0,-0.7760512920575294
116373,0,2,0,filler,aggressive,0,-0.855355781113589
120067,0,2,0,filler,aggressive,0,-0.8327903323912882
120579,0,2,0,filler,aggressive,0,-0.7533328099038968
135475,0,2,0,filler,aggressive,0,-0.6957093145816914
135610,3,2,0,filler,aggressive,0,-0.8521023481975963
137852,0,2,0,filler,aggressive,0,-0.8186365685887411
139372,0,2,0,filler,aggressive,0,-0.8377392010895887
145940,7,2,0,filler,aggressive,0,-0.9234556397322642
148171,0,2,0,filler,aggressive,0,-0.7967810363700796
1220,0,2,0,mixed,none,0,-0.6691883666809715
10906,0,2,0,mixed,none,0,-0.625636994299824
15086,0,2,0,mixed,none,0,-0.9095689396187945
19655,2,2,0,mixed,none,0,-0.5009888696464853
31733,4,2,0,mixed,none,0,-0.7123647705952879
33385,0,2,0,mixed,none,0,-0.6845330486858854
33499,22,2,0,mixed,none,0,-0.8635203122726884
37872,2,2,0,mixed,none,0,-0.7233059656713032
42475,0,2,0,mixed,none,0,-0.8034116907702746
43461,4,2,1,mixed,none,0,-0.7186778165238487
43603,0,2,0,mixed,none,0,-0.8013938447879156
47679,2,2,0,mixed,none,0,-0.790606583624183
64980,0,2,0,mixed,none,0,-0.7582380523136474
66938,9,2,0,mixed,none,0,-0.7482737421213265
79032,0,2,1,mixed,none,0,-0.5847995912530557
81778,9,2,0,mixed,none,0,-0.7424134772069749
82905,0,2,0,mixed,none,0,-0.7334127835225019
85331,1,2,0,mixed,none,0,-0.9598582596919103
90723,0,2,0,mixed,none,0,-0.5767057809510456
94470,1,2,0,mixed,none,0,-0.7907272830309418
98490,4,2,0,mixed,none,0,-0.792262046275113
102221,0,2,0,mixed,none,0,-0.6470829421335199
105783,1,2,0,mixed,none,0,-0.7887685821853117
111327,35,2,0,mixed,none,0,-0.7394086259118153
116373,0,2,0,mixed,none,0,-0.8029645573451518
120067,0,2,0,mixed,none,0,-0.8024507771222541
120579,0,2,0,mixed,none,0,-0.7599881296313248
135475,0,2,0,mixed,none,0,-0.6821445303747787
135610,3,2,0,mixed,none,0,-0.8658477191987546
137852,0,2,0,mixed,none,0,-0.6866920851764601
139372,0,2,0,mixed,none,0,-0.8871917225587956
145940,7,2,0,mixed,none,0,-0.8909574604509889
148171,0,2,0,mixed,none,0,-0.8817575921257452
1220,0,2,0,mixed,minimal,0,-0.6691883666809715
10906,0,2,0,mixed,minimal,0,-0.625636994299824
15086,0,2,0,mixed,minimal,0,-0.9095689396187945
19655,2,2,0,mixed,minimal,0,-0.5009888696464853
31733,4,2,0,mixed,minimal,0,-0.7123647705952879
33385,0,2,0,mixed,minimal,0,-0.6845330486858854
33499,22,2,0,mixed,minimal,0,-0.8635203122726884
37872,2,2,0,mixed,minimal,0,-0.7233059656713032
42475,0,2,0,mixed,minimal,0,-0.8034116907702746
43461,4,2,1,mixed,minimal,0,-0.7186778165238487
43603,0,2,0,mixed,minimal,0,-0.8013938447879156
47679,2,2,0,mixed,minimal,0,-0.790606583624183
64980,0,2,0,mixed,minimal,0,-0.7582380523136474
66938,9,2,0,mixed,minimal,0,-0.7482737421213265
79032,0,2,1,mixed,minimal,0,-0.5847995912530557
81778,9,2,0,mixed,minimal,0,-0.7424134772069749
82905,0,2,0,mixed,minimal,0,-0.7334127835225019
85331,1,2,0,mixed,minimal,0,-0.9598582596919103
90723,0,2,0,mixed,minimal,0,-0.5767057809510456
94470,1,2,0,mixed,minimal,0,-0.7907272830309418
98490,4,2,0,mixed,minimal,0,-0.792262046275113
102221,0,2,0,mixed,minimal,0,-0.6470829421335199
105783,1,2,0,mixed,minimal,0,-0.7887685821853117
111327,35,2,0,mixed,minimal,0,-0.7394086259118153
116373,0,2,0,mixed,minimal,0,-0.8029645573451518
120067,0,2,0,mixed,minimal,0,-0.8024507771222541
120579,0,2,0,mixed,minimal,0,-0.7599881296313248
135475,0,2,0,mixed,minimal,0,-0.6821445303747787
135610,3,2,0,mixed,minimal,0,-0.8658477191987546
137852,0,2,0,mixed,minimal,0,-0.6866920851764601
139372,0,2,0,mixed,minimal,0,-0.8871917225587956
145940,7,2,0,mixed,minimal,0,-0.8909574604509889
148171,0,2,0,mixed,minimal,0,-0.8817575921257452
1220,0,2,0,mixed,noise_aware,0,-0.6702908985613036
10906,0,2,0,mixed,noise_aware,0,-0.625636994299824
15086,0,2,0,mixed,noise_aware,0,-0.9114952914299455
19655,2,2,0,mixed,noise_aware,0,-0.5062060087404865
31733,4,2,0,mixed,noise_aware,0,-0.7031038895223125
33385,0,2,0,mixed,noise_aware,0,-0.6845330486858854
33499,22,2,0,mixed,noise_aware,0,-0.8525800673155687
37872,2,2,0,mixed,noise_aware,0,-0.7249748155740199
42475,0,2,0,mixed,noise_aware,0,-0.8060669202937653
43461,4,2,1,mixed,noise_aware,0,-0.721954053971182
43603,0,2,0,mixed,noise_aware,0,-0.8013938447879156
47679,2,2,0,mixed,noise_aware,0,-0.790606583624183
64980,0,2,0,mixed,noise_aware,0,-0.7582380523136474
66938,9,2,0,mixed,noise_aware,0,-0.7482737421213265
79032,0,2,1,mixed,noise_aware,0,-0.5847995912530557
81778,9,2,0,mixed,noise_aware,0,-0.7424134772069749
82905,0,2,0,mixed,noise_aware,0,-0.7334127835225019
85331,1,2,0,mixed,noise_aware,0,-0.9598623505161128
90723,0,2,0,mixed,noise_aware,0,-0.5803353707117949
94470,1,2,0,mixed,noise_aware,0,-0.7889419710938275
98490,4,2,0,mixed,noise_aware,0,-0.792262046275113
102221,0,2,0,mixed,noise_aware,0,-0.6501813998798556
105783,1,2,0,mixed,noise_aware,0,-0.7887685821853117
111327,35,2,0,mixed,noise_aware,0,-0.741856076790352
116373,0,2,0,mixed,noise_aware,0,-0.8047166956249421
120067,0,2,0,mixed,noise_aware,0,-0.8046602079446737
120579,0,2,0,mixed,noise_aware,0,-0.7599881296313248
135475,0,2,0,mixed,noise_aware,0,-0.6821445303747787
135610,3,2,0,mixed,noise_aware,0,-0.8724573854517808
137852,0,2,0,mixed,noise_aware,0,-0.6856105710918676
139372,0,2,0,mixed,noise_aware,0,-0.8871148871354497
145940,7,2,0,mixed,noise_aware,0,-0.8909574604509889
148171,0,2,0,mixed,noise_aware,0,-0.882147964574488
1220,0,2,0,mixed,aggressive,0,-0.7704941878893243
10906,0,2,0,mixed,aggressive,0,-0.700646525016691
15086,0,2,0,mixed,aggressive,0,-0.842769494676178
19655,2,2,0,mixed,aggressive,0,-0.5680824055986207
31733,4,2,0,mixed,aggressive,0,-0.7243858288058496
33385,0,2,0,mixed,aggressive,0,-0.6150875758107772
33499,22,2,0,mixed,aggressive,0,-0.8431833600490574
37872,2,2,0,mixed,aggressive,0,-0.7646133365170439
42475,0,2,0,mixed,aggressive,0,-0.8239013973461282
43461,4,2,1,mixed,aggressive,0,-0.7653436899967088
43603,0,2,0,mixed,aggressive,0,-0.805750034480269
47679,2,2,0,mixed,aggressive,0,-0.8151529942262035
64980,0,2,0,mixed,aggressive,0,-0.815443924421595
66938,9,2,0,mixed,aggressive,0,-0.8354413702114005
79032,0,2,1,mixed,aggressive,0,-0.7590129396782738
81778,9,2,0,mixed,aggressive,0,-0.791778915784068
82905,0,2,0,mixed,aggressive,0,-0.6391684071497788
85331,1,2,0,mixed,aggressive,0,-0.9205735569627793
90723,0,2,0,mixed,aggressive,0,-0.7048643167873893
94470,1,2,0,mixed,aggressive,0,-0.7462595733453535
98490,4,2,0,mixed,aggressive,0,-0.791641816780677
102221,0,2,0,mixed,aggressive,0,-0.6864068970006353
105783,1,2,0,mixed,aggressive,0,-0.7516219075956767
111327,35,2,0,mixed,aggressive,0,-0.782309833410421
116373,0,2,0,mixed,aggressive,0,-0.8470379093822635
120067,0,2,0,mixed,aggressive,0,-0.8262697581115366
120579,0,2,0,mixed,aggressive,0,-0.7427179338054279
135475,0,2,0,mixed,aggressive,0,-0.7256494824556031
135610,3,2,0,mixed,aggressive,0,-0.8428892843609495
137852,0,2,0,mixed,aggressive,0,-0.7700172255516183
139372,0,2,0,mixed,aggressive,0,-0.8440366272322041
145940,7,2,0,mixed,aggressive,0,-0.8956873389389248
148171,0,2,0,mixed,aggressive,0,-0.8230572794332859
